it_id,invoice_id,track_id,unit_price
1,1,2,0.99
2,1,4,0.99
3,2,6,0.99
4,2,8,0.99
5,2,10,0.99
6,2,12,0.99
7,3,16,0.99
8,3,20,0.99
9,3,24,0.99
10,3,28,0.99
11,3,32,0.99
12,3,36,0.99
13,4,42,0.99
14,4,48,0.99
15,4,54,0.99
16,4,60,0.99
17,4,66,0.99
18,4,72,0.99
19,4,78,0.99
20,4,84,0.99
21,4,90,0.99
22,5,99,0.99
23,5,108,0.99
24,5,117,0.99
25,5,126,0.99
26,5,135,0.99
27,5,144,0.99
28,5,153,0.99
29,5,162,0.99
30,5,171,0.99
31,5,180,0.99
32,5,189,0.99
33,5,198,0.99
34,5,207,0.99
35,5,216,0.99
36,6,230,0.99
37,7,231,0.99
38,7,232,0.99
39,8,234,0.99
40,8,236,0.99
41,9,238,0.99
42,9,240,0.99
43,9,242,0.99
44,9,244,0.99
45,10,248,0.99
46,10,252,0.99
47,10,256,0.99
48,10,260,0.99
49,10,264,0.99
50,10,268,0.99
51,11,274,0.99
52,11,280,0.99
53,11,286,0.99
54,11,292,0.99
55,11,298,0.99
56,11,304,0.99
57,11,310,0.99
58,11,316,0.99
59,11,322,0.99
60,12,331,0.99
61,12,340,0.99
62,12,349,0.99
63,12,358,0.99
64,12,367,0.99
65,12,376,0.99
66,12,385,0.99
67,12,394,0.99
68,12,403,0.99
69,12,412,0.99
70,12,421,0.99
71,12,430,0.99
72,12,439,0.99
73,12,448,0.99
74,13,462,0.99
75,14,463,0.99
76,14,464,0.99
77,15,466,0.99
78,15,468,0.99
79,16,470,0.99
80,16,472,0.99
81,16,474,0.99
82,16,476,0.99
83,17,480,0.99
84,17,484,0.99
85,17,488,0.99
86,17,492,0.99
87,17,496,0.99
88,17,500,0.99
89,18,506,0.99
90,18,512,0.99
91,18,518,0.99
92,18,524,0.99
93,18,530,0.99
94,18,536,0.99
95,18,542,0.99
96,18,548,0.99
97,18,554,0.99
98,19,563,0.99
99,19,572,0.99
100,19,581,0.99
101,19,590,0.99
102,19,599,0.99
103,19,608,0.99
104,19,617,0.99
105,19,626,0.99
106,19,635,0.99
107,19,644,0.99
108,19,653,0.99
109,19,662,0.99
110,19,671,0.99
111,19,680,0.99
112,20,694,0.99
113,21,695,0.99
114,21,696,0.99
115,22,698,0.99
116,22,700,0.99
117,23,702,0.99
118,23,704,0.99
119,23,706,0.99
120,23,708,0.99
121,24,712,0.99
122,24,716,0.99
123,24,720,0.99
124,24,724,0.99
125,24,728,0.99
126,24,732,0.99
127,25,738,0.99
128,25,744,0.99
129,25,750,0.99
130,25,756,0.99
131,25,762,0.99
132,25,768,0.99
133,25,774,0.99
134,25,780,0.99
135,25,786,0.99
136,26,795,0.99
137,26,804,0.99
138,26,813,0.99
139,26,822,0.99
140,26,831,0.99
141,26,840,0.99
142,26,849,0.99
143,26,858,0.99
144,26,867,0.99
145,26,876,0.99
146,26,885,0.99
147,26,894,0.99
148,26,903,0.99
149,26,912,0.99
150,27,926,0.99
151,28,927,0.99
152,28,928,0.99
153,29,930,0.99
154,29,932,0.99
155,30,934,0.99
156,30,936,0.99
157,30,938,0.99
158,30,940,0.99
159,31,944,0.99
160,31,948,0.99
161,31,952,0.99
162,31,956,0.99
163,31,960,0.99
164,31,964,0.99
165,32,970,0.99
166,32,976,0.99
167,32,982,0.99
168,32,988,0.99
169,32,994,0.99
170,32,1000,0.99
171,32,1006,0.99
172,32,1012,0.99
173,32,1018,0.99
174,33,1027,0.99
175,33,1036,0.99
176,33,1045,0.99
177,33,1054,0.99
178,33,1063,0.99
179,33,1072,0.99
180,33,1081,0.99
181,33,1090,0.99
182,33,1099,0.99
183,33,1108,0.99
184,33,1117,0.99
185,33,1126,0.99
186,33,1135,0.99
187,33,1144,0.99
188,34,1158,0.99
189,35,1159,0.99
190,35,1160,0.99
191,36,1162,0.99
192,36,1164,0.99
193,37,1166,0.99
194,37,1168,0.99
195,37,1170,0.99
196,37,1172,0.99
197,38,1176,0.99
198,38,1180,0.99
199,38,1184,0.99
200,38,1188,0.99
201,38,1192,0.99
202,38,1196,0.99
203,39,1202,0.99
204,39,1208,0.99
205,39,1214,0.99
206,39,1220,0.99
207,39,1226,0.99
208,39,1232,0.99
209,39,1238,0.99
210,39,1244,0.99
211,39,1250,0.99
212,40,1259,0.99
213,40,1268,0.99
214,40,1277,0.99
215,40,1286,0.99
216,40,1295,0.99
217,40,1304,0.99
218,40,1313,0.99
219,40,1322,0.99
220,40,1331,0.99
221,40,1340,0.99
222,40,1349,0.99
223,40,1358,0.99
224,40,1367,0.99
225,40,1376,0.99
226,41,1390,0.99
227,42,1391,0.99
228,42,1392,0.99
229,43,1394,0.99
230,43,1396,0.99
231,44,1398,0.99
232,44,1400,0.99
233,44,1402,0.99
234,44,1404,0.99
235,45,1408,0.99
236,45,1412,0.99
237,45,1416,0.99
238,45,1420,0.99
239,45,1424,0.99
240,45,1428,0.99
241,46,1434,0.99
242,46,1440,0.99
243,46,1446,0.99
244,46,1452,0.99
245,46,1458,0.99
246,46,1464,0.99
247,46,1470,0.99
248,46,1476,0.99
249,46,1482,0.99
250,47,1491,0.99
251,47,1500,0.99
252,47,1509,0.99
253,47,1518,0.99
254,47,1527,0.99
255,47,1536,0.99
256,47,1545,0.99
257,47,1554,0.99
258,47,1563,0.99
259,47,1572,0.99
260,47,1581,0.99
261,47,1590,0.99
262,47,1599,0.99
263,47,1608,0.99
264,48,1622,0.99
265,49,1623,0.99
266,49,1624,0.99
267,50,1626,0.99
268,50,1628,0.99
269,51,1630,0.99
270,51,1632,0.99
271,51,1634,0.99
272,51,1636,0.99
273,52,1640,0.99
274,52,1644,0.99
275,52,1648,0.99
276,52,1652,0.99
277,52,1656,0.99
278,52,1660,0.99
279,53,1666,0.99
280,53,1672,0.99
281,53,1678,0.99
282,53,1684,0.99
283,53,1690,0.99
284,53,1696,0.99
285,53,1702,0.99
286,53,1708,0.99
287,53,1714,0.99
288,54,1723,0.99
289,54,1732,0.99
290,54,1741,0.99
291,54,1750,0.99
292,54,1759,0.99
293,54,1768,0.99
294,54,1777,0.99
295,54,1786,0.99
296,54,1795,0.99
297,54,1804,0.99
298,54,1813,0.99
299,54,1822,0.99
300,54,1831,0.99
301,54,1840,0.99
302,55,1854,0.99
303,56,1855,0.99
304,56,1856,0.99
305,57,1858,0.99
306,57,1860,0.99
307,58,1862,0.99
308,58,1864,0.99
309,58,1866,0.99
310,58,1868,0.99
311,59,1872,0.99
312,59,1876,0.99
313,59,1880,0.99
314,59,1884,0.99
315,59,1888,0.99
316,59,1892,0.99
317,60,1898,0.99
318,60,1904,0.99
319,60,1910,0.99
320,60,1916,0.99
321,60,1922,0.99
322,60,1928,0.99
323,60,1934,0.99
324,60,1940,0.99
325,60,1946,0.99
326,61,1955,0.99
327,61,1964,0.99
328,61,1973,0.99
329,61,1982,0.99
330,61,1991,0.99
331,61,2000,0.99
332,61,2009,0.99
333,61,2018,0.99
334,61,2027,0.99
335,61,2036,0.99
336,61,2045,0.99
337,61,2054,0.99
338,61,2063,0.99
339,61,2072,0.99
340,62,2086,0.99
341,63,2087,0.99
342,63,2088,0.99
343,64,2090,0.99
344,64,2092,0.99
345,65,2094,0.99
346,65,2096,0.99
347,65,2098,0.99
348,65,2100,0.99
349,66,2104,0.99
350,66,2108,0.99
351,66,2112,0.99
352,66,2116,0.99
353,66,2120,0.99
354,66,2124,0.99
355,67,2130,0.99
356,67,2136,0.99
357,67,2142,0.99
358,67,2148,0.99
359,67,2154,0.99
360,67,2160,0.99
361,67,2166,0.99
362,67,2172,0.99
363,67,2178,0.99
364,68,2187,0.99
365,68,2196,0.99
366,68,2205,0.99
367,68,2214,0.99
368,68,2223,0.99
369,68,2232,0.99
370,68,2241,0.99
371,68,2250,0.99
372,68,2259,0.99
373,68,2268,0.99
374,68,2277,0.99
375,68,2286,0.99
376,68,2295,0.99
377,68,2304,0.99
378,69,2318,0.99
379,70,2319,0.99
380,70,2320,0.99
381,71,2322,0.99
382,71,2324,0.99
383,72,2326,0.99
384,72,2328,0.99
385,72,2330,0.99
386,72,2332,0.99
387,73,2336,0.99
388,73,2340,0.99
389,73,2344,0.99
390,73,2348,0.99
391,73,2352,0.99
392,73,2356,0.99
393,74,2362,0.99
394,74,2368,0.99
395,74,2374,0.99
396,74,2380,0.99
397,74,2386,0.99
398,74,2392,0.99
399,74,2398,0.99
400,74,2404,0.99
401,74,2410,0.99
402,75,2419,0.99
403,75,2428,0.99
404,75,2437,0.99
405,75,2446,0.99
406,75,2455,0.99
407,75,2464,0.99
408,75,2473,0.99
409,75,2482,0.99
410,75,2491,0.99
411,75,2500,0.99
412,75,2509,0.99
413,75,2518,0.99
414,75,2527,0.99
415,75,2536,0.99
416,76,2550,0.99
417,77,2551,0.99
418,77,2552,0.99
419,78,2554,0.99
420,78,2556,0.99
421,79,2558,0.99
422,79,2560,0.99
423,79,2562,0.99
424,79,2564,0.99
425,80,2568,0.99
426,80,2572,0.99
427,80,2576,0.99
428,80,2580,0.99
429,80,2584,0.99
430,80,2588,0.99
431,81,2594,0.99
432,81,2600,0.99
433,81,2606,0.99
434,81,2612,0.99
435,81,2618,0.99
436,81,2624,0.99
437,81,2630,0.99
438,81,2636,0.99
439,81,2642,0.99
440,82,2651,0.99
441,82,2660,0.99
442,82,2669,0.99
443,82,2678,0.99
444,82,2687,0.99
445,82,2696,0.99
446,82,2705,0.99
447,82,2714,0.99
448,82,2723,0.99
449,82,2732,0.99
450,82,2741,0.99
451,82,2750,0.99
452,82,2759,0.99
453,82,2768,0.99
454,83,2782,0.99
455,84,2783,0.99
456,84,2784,0.99
457,85,2786,0.99
458,85,2788,0.99
459,86,2790,0.99
460,86,2792,0.99
461,86,2794,0.99
462,86,2796,0.99
463,87,2800,0.99
464,87,2804,0.99
465,87,2808,0.99
466,87,2812,0.99
467,87,2816,0.99
468,87,2820,1.99
469,88,2826,1.99
470,88,2832,1.99
471,88,2838,1.99
472,88,2844,1.99
473,88,2850,1.99
474,88,2856,1.99
475,88,2862,1.99
476,88,2868,1.99
477,88,2874,1.99
478,89,2883,1.99
479,89,2892,1.99
480,89,2901,1.99
481,89,2910,1.99
482,89,2919,1.99
483,89,2928,0.99
484,89,2937,0.99
485,89,2946,0.99
486,89,2955,0.99
487,89,2964,0.99
488,89,2973,0.99
489,89,2982,0.99
490,89,2991,0.99
491,89,3000,0.99
492,90,3014,0.99
493,91,3015,0.99
494,91,3016,0.99
495,92,3018,0.99
496,92,3020,0.99
497,93,3022,0.99
498,93,3024,0.99
499,93,3026,0.99
500,93,3028,0.99
501,94,3032,0.99
502,94,3036,0.99
503,94,3040,0.99
504,94,3044,0.99
505,94,3048,0.99
506,94,3052,0.99
507,95,3058,0.99
508,95,3064,0.99
509,95,3070,0.99
510,95,3076,0.99
511,95,3082,0.99
512,95,3088,0.99
513,95,3094,0.99
514,95,3100,0.99
515,95,3106,0.99
516,96,3115,0.99
517,96,3124,0.99
518,96,3133,0.99
519,96,3142,0.99
520,96,3151,0.99
521,96,3160,0.99
522,96,3169,1.99
523,96,3178,1.99
524,96,3187,1.99
525,96,3196,1.99
526,96,3205,1.99
527,96,3214,1.99
528,96,3223,1.99
529,96,3232,1.99
530,97,3246,1.99
531,98,3247,1.99
532,98,3248,1.99
533,99,3250,1.99
534,99,3252,1.99
535,100,3254,0.99
536,100,3256,0.99
537,100,3258,0.99
538,100,3260,0.99
539,101,3264,0.99
540,101,3268,0.99
541,101,3272,0.99
542,101,3276,0.99
543,101,3280,0.99
544,101,3284,0.99
545,102,3290,0.99
546,102,3296,0.99
547,102,3302,0.99
548,102,3308,0.99
549,102,3314,0.99
550,102,3320,0.99
551,102,3326,0.99
552,102,3332,0.99
553,102,3338,1.99
554,103,3347,1.99
555,103,3356,0.99
556,103,3365,0.99
557,103,3374,0.99
558,103,3383,0.99
559,103,3392,0.99
560,103,3401,0.99
561,103,3410,0.99
562,103,3419,0.99
563,103,3428,1.99
564,103,3437,0.99
565,103,3446,0.99
566,103,3455,0.99
567,103,3464,0.99
568,104,3478,0.99
569,105,3479,0.99
570,105,3480,0.99
571,106,3482,0.99
572,106,3484,0.99
573,107,3486,0.99
574,107,3488,0.99
575,107,3490,0.99
576,107,3492,0.99
577,108,3496,0.99
578,108,3500,0.99
579,108,1,0.99
580,108,5,0.99
581,108,9,0.99
582,108,13,0.99
583,109,19,0.99
584,109,25,0.99
585,109,31,0.99
586,109,37,0.99
587,109,43,0.99
588,109,49,0.99
589,109,55,0.99
590,109,61,0.99
591,109,67,0.99
592,110,76,0.99
593,110,85,0.99
594,110,94,0.99
595,110,103,0.99
596,110,112,0.99
597,110,121,0.99
598,110,130,0.99
599,110,139,0.99
600,110,148,0.99
601,110,157,0.99
602,110,166,0.99
603,110,175,0.99
604,110,184,0.99
605,110,193,0.99
606,111,207,0.99
607,112,208,0.99
608,112,209,0.99
609,113,211,0.99
610,113,213,0.99
611,114,215,0.99
612,114,217,0.99
613,114,219,0.99
614,114,221,0.99
615,115,225,0.99
616,115,229,0.99
617,115,233,0.99
618,115,237,0.99
619,115,241,0.99
620,115,245,0.99
621,116,251,0.99
622,116,257,0.99
623,116,263,0.99
624,116,269,0.99
625,116,275,0.99
626,116,281,0.99
627,116,287,0.99
628,116,293,0.99
629,116,299,0.99
630,117,308,0.99
631,117,317,0.99
632,117,326,0.99
633,117,335,0.99
634,117,344,0.99
635,117,353,0.99
636,117,362,0.99
637,117,371,0.99
638,117,380,0.99
639,117,389,0.99
640,117,398,0.99
641,117,407,0.99
642,117,416,0.99
643,117,425,0.99
644,118,439,0.99
645,119,440,0.99
646,119,441,0.99
647,120,443,0.99
648,120,445,0.99
649,121,447,0.99
650,121,449,0.99
651,121,451,0.99
652,121,453,0.99
653,122,457,0.99
654,122,461,0.99
655,122,465,0.99
656,122,469,0.99
657,122,473,0.99
658,122,477,0.99
659,123,483,0.99
660,123,489,0.99
661,123,495,0.99
662,123,501,0.99
663,123,507,0.99
664,123,513,0.99
665,123,519,0.99
666,123,525,0.99
667,123,531,0.99
668,124,540,0.99
669,124,549,0.99
670,124,558,0.99
671,124,567,0.99
672,124,576,0.99
673,124,585,0.99
674,124,594,0.99
675,124,603,0.99
676,124,612,0.99
677,124,621,0.99
678,124,630,0.99
679,124,639,0.99
680,124,648,0.99
681,124,657,0.99
682,125,671,0.99
683,126,672,0.99
684,126,673,0.99
685,127,675,0.99
686,127,677,0.99
687,128,679,0.99
688,128,681,0.99
689,128,683,0.99
690,128,685,0.99
691,129,689,0.99
692,129,693,0.99
693,129,697,0.99
694,129,701,0.99
695,129,705,0.99
696,129,709,0.99
697,130,715,0.99
698,130,721,0.99
699,130,727,0.99
700,130,733,0.99
701,130,739,0.99
702,130,745,0.99
703,130,751,0.99
704,130,757,0.99
705,130,763,0.99
706,131,772,0.99
707,131,781,0.99
708,131,790,0.99
709,131,799,0.99
710,131,808,0.99
711,131,817,0.99
712,131,826,0.99
713,131,835,0.99
714,131,844,0.99
715,131,853,0.99
716,131,862,0.99
717,131,871,0.99
718,131,880,0.99
719,131,889,0.99
720,132,903,0.99
721,133,904,0.99
722,133,905,0.99
723,134,907,0.99
724,134,909,0.99
725,135,911,0.99
726,135,913,0.99
727,135,915,0.99
728,135,917,0.99
729,136,921,0.99
730,136,925,0.99
731,136,929,0.99
732,136,933,0.99
733,136,937,0.99
734,136,941,0.99
735,137,947,0.99
736,137,953,0.99
737,137,959,0.99
738,137,965,0.99
739,137,971,0.99
740,137,977,0.99
741,137,983,0.99
742,137,989,0.99
743,137,995,0.99
744,138,1004,0.99
745,138,1013,0.99
746,138,1022,0.99
747,138,1031,0.99
748,138,1040,0.99
749,138,1049,0.99
750,138,1058,0.99
751,138,1067,0.99
752,138,1076,0.99
753,138,1085,0.99
754,138,1094,0.99
755,138,1103,0.99
756,138,1112,0.99
757,138,1121,0.99
758,139,1135,0.99
759,140,1136,0.99
760,140,1137,0.99
761,141,1139,0.99
762,141,1141,0.99
763,142,1143,0.99
764,142,1145,0.99
765,142,1147,0.99
766,142,1149,0.99
767,143,1153,0.99
768,143,1157,0.99
769,143,1161,0.99
770,143,1165,0.99
771,143,1169,0.99
772,143,1173,0.99
773,144,1179,0.99
774,144,1185,0.99
775,144,1191,0.99
776,144,1197,0.99
777,144,1203,0.99
778,144,1209,0.99
779,144,1215,0.99
780,144,1221,0.99
781,144,1227,0.99
782,145,1236,0.99
783,145,1245,0.99
784,145,1254,0.99
785,145,1263,0.99
786,145,1272,0.99
787,145,1281,0.99
788,145,1290,0.99
789,145,1299,0.99
790,145,1308,0.99
791,145,1317,0.99
792,145,1326,0.99
793,145,1335,0.99
794,145,1344,0.99
795,145,1353,0.99
796,146,1367,0.99
797,147,1368,0.99
798,147,1369,0.99
799,148,1371,0.99
800,148,1373,0.99
801,149,1375,0.99
802,149,1377,0.99
803,149,1379,0.99
804,149,1381,0.99
805,150,1385,0.99
806,150,1389,0.99
807,150,1393,0.99
808,150,1397,0.99
809,150,1401,0.99
810,150,1405,0.99
811,151,1411,0.99
812,151,1417,0.99
813,151,1423,0.99
814,151,1429,0.99
815,151,1435,0.99
816,151,1441,0.99
817,151,1447,0.99
818,151,1453,0.99
819,151,1459,0.99
820,152,1468,0.99
821,152,1477,0.99
822,152,1486,0.99
823,152,1495,0.99
824,152,1504,0.99
825,152,1513,0.99
826,152,1522,0.99
827,152,1531,0.99
828,152,1540,0.99
829,152,1549,0.99
830,152,1558,0.99
831,152,1567,0.99
832,152,1576,0.99
833,152,1585,0.99
834,153,1599,0.99
835,154,1600,0.99
836,154,1601,0.99
837,155,1603,0.99
838,155,1605,0.99
839,156,1607,0.99
840,156,1609,0.99
841,156,1611,0.99
842,156,1613,0.99
843,157,1617,0.99
844,157,1621,0.99
845,157,1625,0.99
846,157,1629,0.99
847,157,1633,0.99
848,157,1637,0.99
849,158,1643,0.99
850,158,1649,0.99
851,158,1655,0.99
852,158,1661,0.99
853,158,1667,0.99
854,158,1673,0.99
855,158,1679,0.99
856,158,1685,0.99
857,158,1691,0.99
858,159,1700,0.99
859,159,1709,0.99
860,159,1718,0.99
861,159,1727,0.99
862,159,1736,0.99
863,159,1745,0.99
864,159,1754,0.99
865,159,1763,0.99
866,159,1772,0.99
867,159,1781,0.99
868,159,1790,0.99
869,159,1799,0.99
870,159,1808,0.99
871,159,1817,0.99
872,160,1831,0.99
873,161,1832,0.99
874,161,1833,0.99
875,162,1835,0.99
876,162,1837,0.99
877,163,1839,0.99
878,163,1841,0.99
879,163,1843,0.99
880,163,1845,0.99
881,164,1849,0.99
882,164,1853,0.99
883,164,1857,0.99
884,164,1861,0.99
885,164,1865,0.99
886,164,1869,0.99
887,165,1875,0.99
888,165,1881,0.99
889,165,1887,0.99
890,165,1893,0.99
891,165,1899,0.99
892,165,1905,0.99
893,165,1911,0.99
894,165,1917,0.99
895,165,1923,0.99
896,166,1932,0.99
897,166,1941,0.99
898,166,1950,0.99
899,166,1959,0.99
900,166,1968,0.99
901,166,1977,0.99
902,166,1986,0.99
903,166,1995,0.99
904,166,2004,0.99
905,166,2013,0.99
906,166,2022,0.99
907,166,2031,0.99
908,166,2040,0.99
909,166,2049,0.99
910,167,2063,0.99
911,168,2064,0.99
912,168,2065,0.99
913,169,2067,0.99
914,169,2069,0.99
915,170,2071,0.99
916,170,2073,0.99
917,170,2075,0.99
918,170,2077,0.99
919,171,2081,0.99
920,171,2085,0.99
921,171,2089,0.99
922,171,2093,0.99
923,171,2097,0.99
924,171,2101,0.99
925,172,2107,0.99
926,172,2113,0.99
927,172,2119,0.99
928,172,2125,0.99
929,172,2131,0.99
930,172,2137,0.99
931,172,2143,0.99
932,172,2149,0.99
933,172,2155,0.99
934,173,2164,0.99
935,173,2173,0.99
936,173,2182,0.99
937,173,2191,0.99
938,173,2200,0.99
939,173,2209,0.99
940,173,2218,0.99
941,173,2227,0.99
942,173,2236,0.99
943,173,2245,0.99
944,173,2254,0.99
945,173,2263,0.99
946,173,2272,0.99
947,173,2281,0.99
948,174,2295,0.99
949,175,2296,0.99
950,175,2297,0.99
951,176,2299,0.99
952,176,2301,0.99
953,177,2303,0.99
954,177,2305,0.99
955,177,2307,0.99
956,177,2309,0.99
957,178,2313,0.99
958,178,2317,0.99
959,178,2321,0.99
960,178,2325,0.99
961,178,2329,0.99
962,178,2333,0.99
963,179,2339,0.99
964,179,2345,0.99
965,179,2351,0.99
966,179,2357,0.99
967,179,2363,0.99
968,179,2369,0.99
969,179,2375,0.99
970,179,2381,0.99
971,179,2387,0.99
972,180,2396,0.99
973,180,2405,0.99
974,180,2414,0.99
975,180,2423,0.99
976,180,2432,0.99
977,180,2441,0.99
978,180,2450,0.99
979,180,2459,0.99
980,180,2468,0.99
981,180,2477,0.99
982,180,2486,0.99
983,180,2495,0.99
984,180,2504,0.99
985,180,2513,0.99
986,181,2527,0.99
987,182,2528,0.99
988,182,2529,0.99
989,183,2531,0.99
990,183,2533,0.99
991,184,2535,0.99
992,184,2537,0.99
993,184,2539,0.99
994,184,2541,0.99
995,185,2545,0.99
996,185,2549,0.99
997,185,2553,0.99
998,185,2557,0.99
999,185,2561,0.99
1000,185,2565,0.99
1001,186,2571,0.99
1002,186,2577,0.99
1003,186,2583,0.99
1004,186,2589,0.99
1005,186,2595,0.99
1006,186,2601,0.99
1007,186,2607,0.99
1008,186,2613,0.99
1009,186,2619,0.99
1010,187,2628,0.99
1011,187,2637,0.99
1012,187,2646,0.99
1013,187,2655,0.99
1014,187,2664,0.99
1015,187,2673,0.99
1016,187,2682,0.99
1017,187,2691,0.99
1018,187,2700,0.99
1019,187,2709,0.99
1020,187,2718,0.99
1021,187,2727,0.99
1022,187,2736,0.99
1023,187,2745,0.99
1024,188,2759,0.99
1025,189,2760,0.99
1026,189,2761,0.99
1027,190,2763,0.99
1028,190,2765,0.99
1029,191,2767,0.99
1030,191,2769,0.99
1031,191,2771,0.99
1032,191,2773,0.99
1033,192,2777,0.99
1034,192,2781,0.99
1035,192,2785,0.99
1036,192,2789,0.99
1037,192,2793,0.99
1038,192,2797,0.99
1039,193,2803,0.99
1040,193,2809,0.99
1041,193,2815,0.99
1042,193,2821,1.99
1043,193,2827,1.99
1044,193,2833,1.99
1045,193,2839,1.99
1046,193,2845,1.99
1047,193,2851,1.99
1048,194,2860,1.99
1049,194,2869,1.99
1050,194,2878,1.99
1051,194,2887,1.99
1052,194,2896,1.99
1053,194,2905,1.99
1054,194,2914,1.99
1055,194,2923,1.99
1056,194,2932,0.99
1057,194,2941,0.99
1058,194,2950,0.99
1059,194,2959,0.99
1060,194,2968,0.99
1061,194,2977,0.99
1062,195,2991,0.99
1063,196,2992,0.99
1064,196,2993,0.99
1065,197,2995,0.99
1066,197,2997,0.99
1067,198,2999,0.99
1068,198,3001,0.99
1069,198,3003,0.99
1070,198,3005,0.99
1071,199,3009,0.99
1072,199,3013,0.99
1073,199,3017,0.99
1074,199,3021,0.99
1075,199,3025,0.99
1076,199,3029,0.99
1077,200,3035,0.99
1078,200,3041,0.99
1079,200,3047,0.99
1080,200,3053,0.99
1081,200,3059,0.99
1082,200,3065,0.99
1083,200,3071,0.99
1084,200,3077,0.99
1085,200,3083,0.99
1086,201,3092,0.99
1087,201,3101,0.99
1088,201,3110,0.99
1089,201,3119,0.99
1090,201,3128,0.99
1091,201,3137,0.99
1092,201,3146,0.99
1093,201,3155,0.99
1094,201,3164,0.99
1095,201,3173,1.99
1096,201,3182,1.99
1097,201,3191,1.99
1098,201,3200,1.99
1099,201,3209,1.99
1100,202,3223,1.99
1101,203,3224,1.99
1102,203,3225,0.99
1103,204,3227,1.99
1104,204,3229,1.99
1105,205,3231,1.99
1106,205,3233,1.99
1107,205,3235,1.99
1108,205,3237,1.99
1109,206,3241,1.99
1110,206,3245,1.99
1111,206,3249,1.99
1112,206,3253,0.99
1113,206,3257,0.99
1114,206,3261,0.99
1115,207,3267,0.99
1116,207,3273,0.99
1117,207,3279,0.99
1118,207,3285,0.99
1119,207,3291,0.99
1120,207,3297,0.99
1121,207,3303,0.99
1122,207,3309,0.99
1123,207,3315,0.99
1124,208,3324,0.99
1125,208,3333,0.99
1126,208,3342,1.99
1127,208,3351,0.99
1128,208,3360,1.99
1129,208,3369,0.99
1130,208,3378,0.99
1131,208,3387,0.99
1132,208,3396,0.99
1133,208,3405,0.99
1134,208,3414,0.99
1135,208,3423,0.99
1136,208,3432,0.99
1137,208,3441,0.99
1138,209,3455,0.99
1139,210,3456,0.99
1140,210,3457,0.99
1141,211,3459,0.99
1142,211,3461,0.99
1143,212,3463,0.99
1144,212,3465,0.99
1145,212,3467,0.99
1146,212,3469,0.99
1147,213,3473,0.99
1148,213,3477,0.99
1149,213,3481,0.99
1150,213,3485,0.99
1151,213,3489,0.99
1152,213,3493,0.99
1153,214,3499,0.99
1154,214,2,0.99
1155,214,8,0.99
1156,214,14,0.99
1157,214,20,0.99
1158,214,26,0.99
1159,214,32,0.99
1160,214,38,0.99
1161,214,44,0.99
1162,215,53,0.99
1163,215,62,0.99
1164,215,71,0.99
1165,215,80,0.99
1166,215,89,0.99
1167,215,98,0.99
1168,215,107,0.99
1169,215,116,0.99
1170,215,125,0.99
1171,215,134,0.99
1172,215,143,0.99
1173,215,152,0.99
1174,215,161,0.99
1175,215,170,0.99
1176,216,184,0.99
1177,217,185,0.99
1178,217,186,0.99
1179,218,188,0.99
1180,218,190,0.99
1181,219,192,0.99
1182,219,194,0.99
1183,219,196,0.99
1184,219,198,0.99
1185,220,202,0.99
1186,220,206,0.99
1187,220,210,0.99
1188,220,214,0.99
1189,220,218,0.99
1190,220,222,0.99
1191,221,228,0.99
1192,221,234,0.99
1193,221,240,0.99
1194,221,246,0.99
1195,221,252,0.99
1196,221,258,0.99
1197,221,264,0.99
1198,221,270,0.99
1199,221,276,0.99
1200,222,285,0.99
1201,222,294,0.99
1202,222,303,0.99
1203,222,312,0.99
1204,222,321,0.99
1205,222,330,0.99
1206,222,339,0.99
1207,222,348,0.99
1208,222,357,0.99
1209,222,366,0.99
1210,222,375,0.99
1211,222,384,0.99
1212,222,393,0.99
1213,222,402,0.99
1214,223,416,0.99
1215,224,417,0.99
1216,224,418,0.99
1217,225,420,0.99
1218,225,422,0.99
1219,226,424,0.99
1220,226,426,0.99
1221,226,428,0.99
1222,226,430,0.99
1223,227,434,0.99
1224,227,438,0.99
1225,227,442,0.99
1226,227,446,0.99
1227,227,450,0.99
1228,227,454,0.99
1229,228,460,0.99
1230,228,466,0.99
1231,228,472,0.99
1232,228,478,0.99
1233,228,484,0.99
1234,228,490,0.99
1235,228,496,0.99
1236,228,502,0.99
1237,228,508,0.99
1238,229,517,0.99
1239,229,526,0.99
1240,229,535,0.99
1241,229,544,0.99
1242,229,553,0.99
1243,229,562,0.99
1244,229,571,0.99
1245,229,580,0.99
1246,229,589,0.99
1247,229,598,0.99
1248,229,607,0.99
1249,229,616,0.99
1250,229,625,0.99
1251,229,634,0.99
1252,230,648,0.99
1253,231,649,0.99
1254,231,650,0.99
1255,232,652,0.99
1256,232,654,0.99
1257,233,656,0.99
1258,233,658,0.99
1259,233,660,0.99
1260,233,662,0.99
1261,234,666,0.99
1262,234,670,0.99
1263,234,674,0.99
1264,234,678,0.99
1265,234,682,0.99
1266,234,686,0.99
1267,235,692,0.99
1268,235,698,0.99
1269,235,704,0.99
1270,235,710,0.99
1271,235,716,0.99
1272,235,722,0.99
1273,235,728,0.99
1274,235,734,0.99
1275,235,740,0.99
1276,236,749,0.99
1277,236,758,0.99
1278,236,767,0.99
1279,236,776,0.99
1280,236,785,0.99
1281,236,794,0.99
1282,236,803,0.99
1283,236,812,0.99
1284,236,821,0.99
1285,236,830,0.99
1286,236,839,0.99
1287,236,848,0.99
1288,236,857,0.99
1289,236,866,0.99
1290,237,880,0.99
1291,238,881,0.99
1292,238,882,0.99
1293,239,884,0.99
1294,239,886,0.99
1295,240,888,0.99
1296,240,890,0.99
1297,240,892,0.99
1298,240,894,0.99
1299,241,898,0.99
1300,241,902,0.99
1301,241,906,0.99
1302,241,910,0.99
1303,241,914,0.99
1304,241,918,0.99
1305,242,924,0.99
1306,242,930,0.99
1307,242,936,0.99
1308,242,942,0.99
1309,242,948,0.99
1310,242,954,0.99
1311,242,960,0.99
1312,242,966,0.99
1313,242,972,0.99
1314,243,981,0.99
1315,243,990,0.99
1316,243,999,0.99
1317,243,1008,0.99
1318,243,1017,0.99
1319,243,1026,0.99
1320,243,1035,0.99
1321,243,1044,0.99
1322,243,1053,0.99
1323,243,1062,0.99
1324,243,1071,0.99
1325,243,1080,0.99
1326,243,1089,0.99
1327,243,1098,0.99
1328,244,1112,0.99
1329,245,1113,0.99
1330,245,1114,0.99
1331,246,1116,0.99
1332,246,1118,0.99
1333,247,1120,0.99
1334,247,1122,0.99
1335,247,1124,0.99
1336,247,1126,0.99
1337,248,1130,0.99
1338,248,1134,0.99
1339,248,1138,0.99
1340,248,1142,0.99
1341,248,1146,0.99
1342,248,1150,0.99
1343,249,1156,0.99
1344,249,1162,0.99
1345,249,1168,0.99
1346,249,1174,0.99
1347,249,1180,0.99
1348,249,1186,0.99
1349,249,1192,0.99
1350,249,1198,0.99
1351,249,1204,0.99
1352,250,1213,0.99
1353,250,1222,0.99
1354,250,1231,0.99
1355,250,1240,0.99
1356,250,1249,0.99
1357,250,1258,0.99
1358,250,1267,0.99
1359,250,1276,0.99
1360,250,1285,0.99
1361,250,1294,0.99
1362,250,1303,0.99
1363,250,1312,0.99
1364,250,1321,0.99
1365,250,1330,0.99
1366,251,1344,0.99
1367,252,1345,0.99
1368,252,1346,0.99
1369,253,1348,0.99
1370,253,1350,0.99
1371,254,1352,0.99
1372,254,1354,0.99
1373,254,1356,0.99
1374,254,1358,0.99
1375,255,1362,0.99
1376,255,1366,0.99
1377,255,1370,0.99
1378,255,1374,0.99
1379,255,1378,0.99
1380,255,1382,0.99
1381,256,1388,0.99
1382,256,1394,0.99
1383,256,1400,0.99
1384,256,1406,0.99
1385,256,1412,0.99
1386,256,1418,0.99
1387,256,1424,0.99
1388,256,1430,0.99
1389,256,1436,0.99
1390,257,1445,0.99
1391,257,1454,0.99
1392,257,1463,0.99
1393,257,1472,0.99
1394,257,1481,0.99
1395,257,1490,0.99
1396,257,1499,0.99
1397,257,1508,0.99
1398,257,1517,0.99
1399,257,1526,0.99
1400,257,1535,0.99
1401,257,1544,0.99
1402,257,1553,0.99
1403,257,1562,0.99
1404,258,1576,0.99
1405,259,1577,0.99
1406,259,1578,0.99
1407,260,1580,0.99
1408,260,1582,0.99
1409,261,1584,0.99
1410,261,1586,0.99
1411,261,1588,0.99
1412,261,1590,0.99
1413,262,1594,0.99
1414,262,1598,0.99
1415,262,1602,0.99
1416,262,1606,0.99
1417,262,1610,0.99
1418,262,1614,0.99
1419,263,1620,0.99
1420,263,1626,0.99
1421,263,1632,0.99
1422,263,1638,0.99
1423,263,1644,0.99
1424,263,1650,0.99
1425,263,1656,0.99
1426,263,1662,0.99
1427,263,1668,0.99
1428,264,1677,0.99
1429,264,1686,0.99
1430,264,1695,0.99
1431,264,1704,0.99
1432,264,1713,0.99
1433,264,1722,0.99
1434,264,1731,0.99
1435,264,1740,0.99
1436,264,1749,0.99
1437,264,1758,0.99
1438,264,1767,0.99
1439,264,1776,0.99
1440,264,1785,0.99
1441,264,1794,0.99
1442,265,1808,0.99
1443,266,1809,0.99
1444,266,1810,0.99
1445,267,1812,0.99
1446,267,1814,0.99
1447,268,1816,0.99
1448,268,1818,0.99
1449,268,1820,0.99
1450,268,1822,0.99
1451,269,1826,0.99
1452,269,1830,0.99
1453,269,1834,0.99
1454,269,1838,0.99
1455,269,1842,0.99
1456,269,1846,0.99
1457,270,1852,0.99
1458,270,1858,0.99
1459,270,1864,0.99
1460,270,1870,0.99
1461,270,1876,0.99
1462,270,1882,0.99
1463,270,1888,0.99
1464,270,1894,0.99
1465,270,1900,0.99
1466,271,1909,0.99
1467,271,1918,0.99
1468,271,1927,0.99
1469,271,1936,0.99
1470,271,1945,0.99
1471,271,1954,0.99
1472,271,1963,0.99
1473,271,1972,0.99
1474,271,1981,0.99
1475,271,1990,0.99
1476,271,1999,0.99
1477,271,2008,0.99
1478,271,2017,0.99
1479,271,2026,0.99
1480,272,2040,0.99
1481,273,2041,0.99
1482,273,2042,0.99
1483,274,2044,0.99
1484,274,2046,0.99
1485,275,2048,0.99
1486,275,2050,0.99
1487,275,2052,0.99
1488,275,2054,0.99
1489,276,2058,0.99
1490,276,2062,0.99
1491,276,2066,0.99
1492,276,2070,0.99
1493,276,2074,0.99
1494,276,2078,0.99
1495,277,2084,0.99
1496,277,2090,0.99
1497,277,2096,0.99
1498,277,2102,0.99
1499,277,2108,0.99
1500,277,2114,0.99
1501,277,2120,0.99
1502,277,2126,0.99
1503,277,2132,0.99
1504,278,2141,0.99
1505,278,2150,0.99
1506,278,2159,0.99
1507,278,2168,0.99
1508,278,2177,0.99
1509,278,2186,0.99
1510,278,2195,0.99
1511,278,2204,0.99
1512,278,2213,0.99
1513,278,2222,0.99
1514,278,2231,0.99
1515,278,2240,0.99
1516,278,2249,0.99
1517,278,2258,0.99
1518,279,2272,0.99
1519,280,2273,0.99
1520,280,2274,0.99
1521,281,2276,0.99
1522,281,2278,0.99
1523,282,2280,0.99
1524,282,2282,0.99
1525,282,2284,0.99
1526,282,2286,0.99
1527,283,2290,0.99
1528,283,2294,0.99
1529,283,2298,0.99
1530,283,2302,0.99
1531,283,2306,0.99
1532,283,2310,0.99
1533,284,2316,0.99
1534,284,2322,0.99
1535,284,2328,0.99
1536,284,2334,0.99
1537,284,2340,0.99
1538,284,2346,0.99
1539,284,2352,0.99
1540,284,2358,0.99
1541,284,2364,0.99
1542,285,2373,0.99
1543,285,2382,0.99
1544,285,2391,0.99
1545,285,2400,0.99
1546,285,2409,0.99
1547,285,2418,0.99
1548,285,2427,0.99
1549,285,2436,0.99
1550,285,2445,0.99
1551,285,2454,0.99
1552,285,2463,0.99
1553,285,2472,0.99
1554,285,2481,0.99
1555,285,2490,0.99
1556,286,2504,0.99
1557,287,2505,0.99
1558,287,2506,0.99
1559,288,2508,0.99
1560,288,2510,0.99
1561,289,2512,0.99
1562,289,2514,0.99
1563,289,2516,0.99
1564,289,2518,0.99
1565,290,2522,0.99
1566,290,2526,0.99
1567,290,2530,0.99
1568,290,2534,0.99
1569,290,2538,0.99
1570,290,2542,0.99
1571,291,2548,0.99
1572,291,2554,0.99
1573,291,2560,0.99
1574,291,2566,0.99
1575,291,2572,0.99
1576,291,2578,0.99
1577,291,2584,0.99
1578,291,2590,0.99
1579,291,2596,0.99
1580,292,2605,0.99
1581,292,2614,0.99
1582,292,2623,0.99
1583,292,2632,0.99
1584,292,2641,0.99
1585,292,2650,0.99
1586,292,2659,0.99
1587,292,2668,0.99
1588,292,2677,0.99
1589,292,2686,0.99
1590,292,2695,0.99
1591,292,2704,0.99
1592,292,2713,0.99
1593,292,2722,0.99
1594,293,2736,0.99
1595,294,2737,0.99
1596,294,2738,0.99
1597,295,2740,0.99
1598,295,2742,0.99
1599,296,2744,0.99
1600,296,2746,0.99
1601,296,2748,0.99
1602,296,2750,0.99
1603,297,2754,0.99
1604,297,2758,0.99
1605,297,2762,0.99
1606,297,2766,0.99
1607,297,2770,0.99
1608,297,2774,0.99
1609,298,2780,0.99
1610,298,2786,0.99
1611,298,2792,0.99
1612,298,2798,0.99
1613,298,2804,0.99
1614,298,2810,0.99
1615,298,2816,0.99
1616,298,2822,1.99
1617,298,2828,1.99
1618,299,2837,1.99
1619,299,2846,1.99
1620,299,2855,1.99
1621,299,2864,1.99
1622,299,2873,1.99
1623,299,2882,1.99
1624,299,2891,1.99
1625,299,2900,1.99
1626,299,2909,1.99
1627,299,2918,1.99
1628,299,2927,0.99
1629,299,2936,0.99
1630,299,2945,0.99
1631,299,2954,0.99
1632,300,2968,0.99
1633,301,2969,0.99
1634,301,2970,0.99
1635,302,2972,0.99
1636,302,2974,0.99
1637,303,2976,0.99
1638,303,2978,0.99
1639,303,2980,0.99
1640,303,2982,0.99
1641,304,2986,0.99
1642,304,2990,0.99
1643,304,2994,0.99
1644,304,2998,0.99
1645,304,3002,0.99
1646,304,3006,0.99
1647,305,3012,0.99
1648,305,3018,0.99
1649,305,3024,0.99
1650,305,3030,0.99
1651,305,3036,0.99
1652,305,3042,0.99
1653,305,3048,0.99
1654,305,3054,0.99
1655,305,3060,0.99
1656,306,3069,0.99
1657,306,3078,0.99
1658,306,3087,0.99
1659,306,3096,0.99
1660,306,3105,0.99
1661,306,3114,0.99
1662,306,3123,0.99
1663,306,3132,0.99
1664,306,3141,0.99
1665,306,3150,0.99
1666,306,3159,0.99
1667,306,3168,1.99
1668,306,3177,1.99
1669,306,3186,1.99
1670,307,3200,1.99
1671,308,3201,1.99
1672,308,3202,1.99
1673,309,3204,1.99
1674,309,3206,1.99
1675,310,3208,1.99
1676,310,3210,1.99
1677,310,3212,1.99
1678,310,3214,1.99
1679,311,3218,1.99
1680,311,3222,1.99
1681,311,3226,1.99
1682,311,3230,1.99
1683,311,3234,1.99
1684,311,3238,1.99
1685,312,3244,1.99
1686,312,3250,1.99
1687,312,3256,0.99
1688,312,3262,0.99
1689,312,3268,0.99
1690,312,3274,0.99
1691,312,3280,0.99
1692,312,3286,0.99
1693,312,3292,0.99
1694,313,3301,0.99
1695,313,3310,0.99
1696,313,3319,0.99
1697,313,3328,0.99
1698,313,3337,1.99
1699,313,3346,1.99
1700,313,3355,0.99
1701,313,3364,1.99
1702,313,3373,0.99
1703,313,3382,0.99
1704,313,3391,0.99
1705,313,3400,0.99
1706,313,3409,0.99
1707,313,3418,0.99
1708,314,3432,0.99
1709,315,3433,0.99
1710,315,3434,0.99
1711,316,3436,0.99
1712,316,3438,0.99
1713,317,3440,0.99
1714,317,3442,0.99
1715,317,3444,0.99
1716,317,3446,0.99
1717,318,3450,0.99
1718,318,3454,0.99
1719,318,3458,0.99
1720,318,3462,0.99
1721,318,3466,0.99
1722,318,3470,0.99
1723,319,3476,0.99
1724,319,3482,0.99
1725,319,3488,0.99
1726,319,3494,0.99
1727,319,3500,0.99
1728,319,3,0.99
1729,319,9,0.99
1730,319,15,0.99
1731,319,21,0.99
1732,320,30,0.99
1733,320,39,0.99
1734,320,48,0.99
1735,320,57,0.99
1736,320,66,0.99
1737,320,75,0.99
1738,320,84,0.99
1739,320,93,0.99
1740,320,102,0.99
1741,320,111,0.99
1742,320,120,0.99
1743,320,129,0.99
1744,320,138,0.99
1745,320,147,0.99
1746,321,161,0.99
1747,322,162,0.99
1748,322,163,0.99
1749,323,165,0.99
1750,323,167,0.99
1751,324,169,0.99
1752,324,171,0.99
1753,324,173,0.99
1754,324,175,0.99
1755,325,179,0.99
1756,325,183,0.99
1757,325,187,0.99
1758,325,191,0.99
1759,325,195,0.99
1760,325,199,0.99
1761,326,205,0.99
1762,326,211,0.99
1763,326,217,0.99
1764,326,223,0.99
1765,326,229,0.99
1766,326,235,0.99
1767,326,241,0.99
1768,326,247,0.99
1769,326,253,0.99
1770,327,262,0.99
1771,327,271,0.99
1772,327,280,0.99
1773,327,289,0.99
1774,327,298,0.99
1775,327,307,0.99
1776,327,316,0.99
1777,327,325,0.99
1778,327,334,0.99
1779,327,343,0.99
1780,327,352,0.99
1781,327,361,0.99
1782,327,370,0.99
1783,327,379,0.99
1784,328,393,0.99
1785,329,394,0.99
1786,329,395,0.99
1787,330,397,0.99
1788,330,399,0.99
1789,331,401,0.99
1790,331,403,0.99
1791,331,405,0.99
1792,331,407,0.99
1793,332,411,0.99
1794,332,415,0.99
1795,332,419,0.99
1796,332,423,0.99
1797,332,427,0.99
1798,332,431,0.99
1799,333,437,0.99
1800,333,443,0.99
1801,333,449,0.99
1802,333,455,0.99
1803,333,461,0.99
1804,333,467,0.99
1805,333,473,0.99
1806,333,479,0.99
1807,333,485,0.99
1808,334,494,0.99
1809,334,503,0.99
1810,334,512,0.99
1811,334,521,0.99
1812,334,530,0.99
1813,334,539,0.99
1814,334,548,0.99
1815,334,557,0.99
1816,334,566,0.99
1817,334,575,0.99
1818,334,584,0.99
1819,334,593,0.99
1820,334,602,0.99
1821,334,611,0.99
1822,335,625,0.99
1823,336,626,0.99
1824,336,627,0.99
1825,337,629,0.99
1826,337,631,0.99
1827,338,633,0.99
1828,338,635,0.99
1829,338,637,0.99
1830,338,639,0.99
1831,339,643,0.99
1832,339,647,0.99
1833,339,651,0.99
1834,339,655,0.99
1835,339,659,0.99
1836,339,663,0.99
1837,340,669,0.99
1838,340,675,0.99
1839,340,681,0.99
1840,340,687,0.99
1841,340,693,0.99
1842,340,699,0.99
1843,340,705,0.99
1844,340,711,0.99
1845,340,717,0.99
1846,341,726,0.99
1847,341,735,0.99
1848,341,744,0.99
1849,341,753,0.99
1850,341,762,0.99
1851,341,771,0.99
1852,341,780,0.99
1853,341,789,0.99
1854,341,798,0.99
1855,341,807,0.99
1856,341,816,0.99
1857,341,825,0.99
1858,341,834,0.99
1859,341,843,0.99
1860,342,857,0.99
1861,343,858,0.99
1862,343,859,0.99
1863,344,861,0.99
1864,344,863,0.99
1865,345,865,0.99
1866,345,867,0.99
1867,345,869,0.99
1868,345,871,0.99
1869,346,875,0.99
1870,346,879,0.99
1871,346,883,0.99
1872,346,887,0.99
1873,346,891,0.99
1874,346,895,0.99
1875,347,901,0.99
1876,347,907,0.99
1877,347,913,0.99
1878,347,919,0.99
1879,347,925,0.99
1880,347,931,0.99
1881,347,937,0.99
1882,347,943,0.99
1883,347,949,0.99
1884,348,958,0.99
1885,348,967,0.99
1886,348,976,0.99
1887,348,985,0.99
1888,348,994,0.99
1889,348,1003,0.99
1890,348,1012,0.99
1891,348,1021,0.99
1892,348,1030,0.99
1893,348,1039,0.99
1894,348,1048,0.99
1895,348,1057,0.99
1896,348,1066,0.99
1897,348,1075,0.99
1898,349,1089,0.99
1899,350,1090,0.99
1900,350,1091,0.99
1901,351,1093,0.99
1902,351,1095,0.99
1903,352,1097,0.99
1904,352,1099,0.99
1905,352,1101,0.99
1906,352,1103,0.99
1907,353,1107,0.99
1908,353,1111,0.99
1909,353,1115,0.99
1910,353,1119,0.99
1911,353,1123,0.99
1912,353,1127,0.99
1913,354,1133,0.99
1914,354,1139,0.99
1915,354,1145,0.99
1916,354,1151,0.99
1917,354,1157,0.99
1918,354,1163,0.99
1919,354,1169,0.99
1920,354,1175,0.99
1921,354,1181,0.99
1922,355,1190,0.99
1923,355,1199,0.99
1924,355,1208,0.99
1925,355,1217,0.99
1926,355,1226,0.99
1927,355,1235,0.99
1928,355,1244,0.99
1929,355,1253,0.99
1930,355,1262,0.99
1931,355,1271,0.99
1932,355,1280,0.99
1933,355,1289,0.99
1934,355,1298,0.99
1935,355,1307,0.99
1936,356,1321,0.99
1937,357,1322,0.99
1938,357,1323,0.99
1939,358,1325,0.99
1940,358,1327,0.99
1941,359,1329,0.99
1942,359,1331,0.99
1943,359,1333,0.99
1944,359,1335,0.99
1945,360,1339,0.99
1946,360,1343,0.99
1947,360,1347,0.99
1948,360,1351,0.99
1949,360,1355,0.99
1950,360,1359,0.99
1951,361,1365,0.99
1952,361,1371,0.99
1953,361,1377,0.99
1954,361,1383,0.99
1955,361,1389,0.99
1956,361,1395,0.99
1957,361,1401,0.99
1958,361,1407,0.99
1959,361,1413,0.99
1960,362,1422,0.99
1961,362,1431,0.99
1962,362,1440,0.99
1963,362,1449,0.99
1964,362,1458,0.99
1965,362,1467,0.99
1966,362,1476,0.99
1967,362,1485,0.99
1968,362,1494,0.99
1969,362,1503,0.99
1970,362,1512,0.99
1971,362,1521,0.99
1972,362,1530,0.99
1973,362,1539,0.99
1974,363,1553,0.99
1975,364,1554,0.99
1976,364,1555,0.99
1977,365,1557,0.99
1978,365,1559,0.99
1979,366,1561,0.99
1980,366,1563,0.99
1981,366,1565,0.99
1982,366,1567,0.99
1983,367,1571,0.99
1984,367,1575,0.99
1985,367,1579,0.99
1986,367,1583,0.99
1987,367,1587,0.99
1988,367,1591,0.99
1989,368,1597,0.99
1990,368,1603,0.99
1991,368,1609,0.99
1992,368,1615,0.99
1993,368,1621,0.99
1994,368,1627,0.99
1995,368,1633,0.99
1996,368,1639,0.99
1997,368,1645,0.99
1998,369,1654,0.99
1999,369,1663,0.99
2000,369,1672,0.99
2001,369,1681,0.99
2002,369,1690,0.99
2003,369,1699,0.99
2004,369,1708,0.99
2005,369,1717,0.99
2006,369,1726,0.99
2007,369,1735,0.99
2008,369,1744,0.99
2009,369,1753,0.99
2010,369,1762,0.99
2011,369,1771,0.99
2012,370,1785,0.99
2013,371,1786,0.99
2014,371,1787,0.99
2015,372,1789,0.99
2016,372,1791,0.99
2017,373,1793,0.99
2018,373,1795,0.99
2019,373,1797,0.99
2020,373,1799,0.99
2021,374,1803,0.99
2022,374,1807,0.99
2023,374,1811,0.99
2024,374,1815,0.99
2025,374,1819,0.99
2026,374,1823,0.99
2027,375,1829,0.99
2028,375,1835,0.99
2029,375,1841,0.99
2030,375,1847,0.99
2031,375,1853,0.99
2032,375,1859,0.99
2033,375,1865,0.99
2034,375,1871,0.99
2035,375,1877,0.99
2036,376,1886,0.99
2037,376,1895,0.99
2038,376,1904,0.99
2039,376,1913,0.99
2040,376,1922,0.99
2041,376,1931,0.99
2042,376,1940,0.99
2043,376,1949,0.99
2044,376,1958,0.99
2045,376,1967,0.99
2046,376,1976,0.99
2047,376,1985,0.99
2048,376,1994,0.99
2049,376,2003,0.99
2050,377,2017,0.99
2051,378,2018,0.99
2052,378,2019,0.99
2053,379,2021,0.99
2054,379,2023,0.99
2055,380,2025,0.99
2056,380,2027,0.99
2057,380,2029,0.99
2058,380,2031,0.99
2059,381,2035,0.99
2060,381,2039,0.99
2061,381,2043,0.99
2062,381,2047,0.99
2063,381,2051,0.99
2064,381,2055,0.99
2065,382,2061,0.99
2066,382,2067,0.99
2067,382,2073,0.99
2068,382,2079,0.99
2069,382,2085,0.99
2070,382,2091,0.99
2071,382,2097,0.99
2072,382,2103,0.99
2073,382,2109,0.99
2074,383,2118,0.99
2075,383,2127,0.99
2076,383,2136,0.99
2077,383,2145,0.99
2078,383,2154,0.99
2079,383,2163,0.99
2080,383,2172,0.99
2081,383,2181,0.99
2082,383,2190,0.99
2083,383,2199,0.99
2084,383,2208,0.99
2085,383,2217,0.99
2086,383,2226,0.99
2087,383,2235,0.99
2088,384,2249,0.99
2089,385,2250,0.99
2090,385,2251,0.99
2091,386,2253,0.99
2092,386,2255,0.99
2093,387,2257,0.99
2094,387,2259,0.99
2095,387,2261,0.99
2096,387,2263,0.99
2097,388,2267,0.99
2098,388,2271,0.99
2099,388,2275,0.99
2100,388,2279,0.99
2101,388,2283,0.99
2102,388,2287,0.99
2103,389,2293,0.99
2104,389,2299,0.99
2105,389,2305,0.99
2106,389,2311,0.99
2107,389,2317,0.99
2108,389,2323,0.99
2109,389,2329,0.99
2110,389,2335,0.99
2111,389,2341,0.99
2112,390,2350,0.99
2113,390,2359,0.99
2114,390,2368,0.99
2115,390,2377,0.99
2116,390,2386,0.99
2117,390,2395,0.99
2118,390,2404,0.99
2119,390,2413,0.99
2120,390,2422,0.99
2121,390,2431,0.99
2122,390,2440,0.99
2123,390,2449,0.99
2124,390,2458,0.99
2125,390,2467,0.99
2126,391,2481,0.99
2127,392,2482,0.99
2128,392,2483,0.99
2129,393,2485,0.99
2130,393,2487,0.99
2131,394,2489,0.99
2132,394,2491,0.99
2133,394,2493,0.99
2134,394,2495,0.99
2135,395,2499,0.99
2136,395,2503,0.99
2137,395,2507,0.99
2138,395,2511,0.99
2139,395,2515,0.99
2140,395,2519,0.99
2141,396,2525,0.99
2142,396,2531,0.99
2143,396,2537,0.99
2144,396,2543,0.99
2145,396,2549,0.99
2146,396,2555,0.99
2147,396,2561,0.99
2148,396,2567,0.99
2149,396,2573,0.99
2150,397,2582,0.99
2151,397,2591,0.99
2152,397,2600,0.99
2153,397,2609,0.99
2154,397,2618,0.99
2155,397,2627,0.99
2156,397,2636,0.99
2157,397,2645,0.99
2158,397,2654,0.99
2159,397,2663,0.99
2160,397,2672,0.99
2161,397,2681,0.99
2162,397,2690,0.99
2163,397,2699,0.99
2164,398,2713,0.99
2165,399,2714,0.99
2166,399,2715,0.99
2167,400,2717,0.99
2168,400,2719,0.99
2169,401,2721,0.99
2170,401,2723,0.99
2171,401,2725,0.99
2172,401,2727,0.99
2173,402,2731,0.99
2174,402,2735,0.99
2175,402,2739,0.99
2176,402,2743,0.99
2177,402,2747,0.99
2178,402,2751,0.99
2179,403,2757,0.99
2180,403,2763,0.99
2181,403,2769,0.99
2182,403,2775,0.99
2183,403,2781,0.99
2184,403,2787,0.99
2185,403,2793,0.99
2186,403,2799,0.99
2187,403,2805,0.99
2188,404,2814,0.99
2189,404,2823,1.99
2190,404,2832,1.99
2191,404,2841,1.99
2192,404,2850,1.99
2193,404,2859,1.99
2194,404,2868,1.99
2195,404,2877,1.99
2196,404,2886,1.99
2197,404,2895,1.99
2198,404,2904,1.99
2199,404,2913,1.99
2200,404,2922,1.99
2201,404,2931,0.99
2202,405,2945,0.99
2203,406,2946,0.99
2204,406,2947,0.99
2205,407,2949,0.99
2206,407,2951,0.99
2207,408,2953,0.99
2208,408,2955,0.99
2209,408,2957,0.99
2210,408,2959,0.99
2211,409,2963,0.99
2212,409,2967,0.99
2213,409,2971,0.99
2214,409,2975,0.99
2215,409,2979,0.99
2216,409,2983,0.99
2217,410,2989,0.99
2218,410,2995,0.99
2219,410,3001,0.99
2220,410,3007,0.99
2221,410,3013,0.99
2222,410,3019,0.99
2223,410,3025,0.99
2224,410,3031,0.99
2225,410,3037,0.99
2226,411,3046,0.99
2227,411,3055,0.99
2228,411,3064,0.99
2229,411,3073,0.99
2230,411,3082,0.99
2231,411,3091,0.99
2232,411,3100,0.99
2233,411,3109,0.99
2234,411,3118,0.99
2235,411,3127,0.99
2236,411,3136,0.99
2237,411,3145,0.99
2238,411,3154,0.99
2239,411,3163,0.99
2240,412,3177,1.99
