track_playlist_id,playlist,track_id
1,Music,1
2,Heavy Metal Classic,1
3,Music,6
4,Music,7
5,Music,8
6,Music,9
7,Music,10
8,Music,11
9,Music,12
10,Music,13
11,Music,14
12,Music,15
13,Music,16
14,Music,17
15,Music,18
16,Music,19
17,Music,20
18,Music,21
19,Music,22
20,Music,23
21,90’s Music,23
22,Music,24
23,90’s Music,24
24,Music,25
25,90’s Music,25
26,Music,26
27,90’s Music,26
28,Music,27
29,90’s Music,27
30,Music,28
31,90’s Music,28
32,Music,29
33,90’s Music,29
34,Music,30
35,90’s Music,30
36,Music,31
37,90’s Music,31
38,Music,32
39,90’s Music,32
40,Music,33
41,90’s Music,33
42,Music,34
43,90’s Music,34
44,Music,35
45,90’s Music,35
46,Music,36
47,90’s Music,36
48,Music,37
49,90’s Music,37
50,Music,38
51,90’s Music,38
52,Music,39
53,90’s Music,39
54,Music,40
55,90’s Music,40
56,Music,41
57,90’s Music,41
58,Music,42
59,90’s Music,42
60,Music,43
61,90’s Music,43
62,Music,44
63,90’s Music,44
64,Music,45
65,90’s Music,45
66,Music,46
67,90’s Music,46
68,Music,47
69,90’s Music,47
70,Music,48
71,90’s Music,48
72,Music,49
73,90’s Music,49
74,Music,50
75,90’s Music,50
76,Music,51
77,90’s Music,51
78,Music,52
79,90’s Music,52
80,Grunge,52
81,Music,53
82,90’s Music,53
83,Music,54
84,90’s Music,54
85,Music,55
86,90’s Music,55
87,Music,56
88,90’s Music,56
89,Music,57
90,90’s Music,57
91,Music,58
92,90’s Music,58
93,Music,59
94,90’s Music,59
95,Music,60
96,90’s Music,60
97,Music,61
98,90’s Music,61
99,Music,62
100,90’s Music,62
101,Music,63
102,Music,64
103,Music,65
104,Music,66
105,Music,67
106,Music,68
107,Music,69
108,Music,70
109,Music,71
110,Music,72
111,Music,73
112,Music,74
113,Music,75
114,Music,76
115,Music,77
116,90’s Music,77
117,Music,78
118,90’s Music,78
119,Music,79
120,90’s Music,79
121,Music,80
122,90’s Music,80
123,Music,81
124,90’s Music,81
125,Music,82
126,90’s Music,82
127,Music,83
128,90’s Music,83
129,Music,84
130,90’s Music,84
131,Music,85
132,Music,86
133,Music,87
134,Music,88
135,Music,89
136,Music,90
137,Music,91
138,Music,92
139,Music,93
140,Music,94
141,Music,95
142,Music,96
143,Music,97
144,Music,98
145,Music,99
146,Music,100
147,Music,101
148,Music,102
149,Music,103
150,Music,104
151,Music,105
152,Music,106
153,Music,107
154,Music,108
155,Music,109
156,Music,110
157,Music,111
158,90’s Music,111
159,Music,112
160,90’s Music,112
161,Music,113
162,90’s Music,113
163,Music,114
164,90’s Music,114
165,Music,115
166,90’s Music,115
167,Music,116
168,90’s Music,116
169,Music,117
170,90’s Music,117
171,Music,118
172,90’s Music,118
173,Music,119
174,90’s Music,119
175,Music,120
176,90’s Music,120
177,Music,121
178,90’s Music,121
179,Music,122
180,90’s Music,122
181,Music,123
182,Music,124
183,Music,125
184,Music,126
185,Music,127
186,Music,128
187,Music,129
188,Music,130
189,Music,131
190,Music,132
191,Music,133
192,Music,134
193,Music,135
194,Music,136
195,Music,137
196,Music,138
197,Music,139
198,Music,140
199,Music,141
200,Music,142
201,Music,143
202,Music,144
203,Music,145
204,Music,146
205,Music,147
206,Music,148
207,Music,149
208,Music,150
209,Music,151
210,Music,152
211,Heavy Metal Classic,152
212,Music,153
213,Music,154
214,Music,155
215,Music,156
216,Music,157
217,Music,158
218,Music,159
219,Music,160
220,Heavy Metal Classic,160
221,Music,161
222,Music,162
223,Music,163
224,Music,164
225,Music,165
226,Music,166
227,90’s Music,166
228,Music,167
229,90’s Music,167
230,Music,168
231,90’s Music,168
232,Music,169
233,90’s Music,169
234,Music,170
235,90’s Music,170
236,Music,171
237,90’s Music,171
238,Music,172
239,90’s Music,172
240,Music,173
241,90’s Music,173
242,Music,174
243,90’s Music,174
244,Music,175
245,90’s Music,175
246,Music,176
247,90’s Music,176
248,Music,177
249,90’s Music,177
250,Music,178
251,90’s Music,178
252,Music,179
253,90’s Music,179
254,Music,180
255,90’s Music,180
256,Music,181
257,90’s Music,181
258,Music,182
259,90’s Music,182
260,Music,183
261,90’s Music,183
262,Music,184
263,90’s Music,184
264,Music,185
265,90’s Music,185
266,Music,186
267,90’s Music,186
268,Music,187
269,90’s Music,187
270,Music,188
271,90’s Music,188
272,Music,189
273,90’s Music,189
274,Music,190
275,90’s Music,190
276,Music,191
277,90’s Music,191
278,Music,192
279,90’s Music,192
280,Music,193
281,90’s Music,193
282,Music,194
283,Music,195
284,Music,196
285,Music,197
286,Music,198
287,Music,199
288,Music,200
289,Music,201
290,Music,202
291,Music,203
292,Music,204
293,Music,205
294,90’s Music,205
295,Music,206
296,90’s Music,206
297,Music,207
298,90’s Music,207
299,Music,208
300,90’s Music,208
301,Music,209
302,90’s Music,209
303,Music,210
304,90’s Music,210
305,Music,211
306,90’s Music,211
307,Music,212
308,90’s Music,212
309,Music,213
310,90’s Music,213
311,Music,214
312,90’s Music,214
313,Music,215
314,90’s Music,215
315,Brazilian Music,215
316,Music,216
317,90’s Music,216
318,Music,217
319,90’s Music,217
320,Music,218
321,90’s Music,218
322,Music,219
323,90’s Music,219
324,Brazilian Music,219
325,Music,220
326,90’s Music,220
327,Brazilian Music,220
328,Music,221
329,90’s Music,221
330,Music,222
331,90’s Music,222
332,Music,223
333,Music,224
334,Music,225
335,Music,226
336,Music,227
337,Music,228
338,Brazilian Music,228
339,Music,229
340,Music,230
341,Brazilian Music,230
342,Music,231
343,Music,232
344,Music,233
345,Music,234
346,Music,235
347,Music,236
348,Brazilian Music,236
349,Music,237
350,Music,238
351,Music,239
352,Music,240
353,Music,241
354,Music,242
355,Music,243
356,Music,244
357,Music,245
358,Music,246
359,90’s Music,246
360,Music,247
361,90’s Music,247
362,Music,248
363,90’s Music,248
364,Music,249
365,90’s Music,249
366,Music,250
367,90’s Music,250
368,Music,251
369,90’s Music,251
370,Music,252
371,90’s Music,252
372,Music,253
373,90’s Music,253
374,Music,254
375,90’s Music,254
376,Music,255
377,90’s Music,255
378,Music,256
379,90’s Music,256
380,Music,257
381,90’s Music,257
382,Music,258
383,90’s Music,258
384,Music,259
385,90’s Music,259
386,Music,260
387,90’s Music,260
388,Music,261
389,90’s Music,261
390,Music,262
391,90’s Music,262
392,Music,263
393,90’s Music,263
394,Music,264
395,90’s Music,264
396,Music,265
397,90’s Music,265
398,Music,266
399,90’s Music,266
400,Music,267
401,90’s Music,267
402,Music,268
403,90’s Music,268
404,Music,269
405,90’s Music,269
406,Music,270
407,90’s Music,270
408,Music,271
409,90’s Music,271
410,Music,272
411,90’s Music,272
412,Music,273
413,90’s Music,273
414,Music,274
415,90’s Music,274
416,Music,275
417,90’s Music,275
418,Music,276
419,90’s Music,276
420,Music,277
421,90’s Music,277
422,Music,278
423,90’s Music,278
424,Music,279
425,90’s Music,279
426,Music,280
427,90’s Music,280
428,Music,281
429,90’s Music,281
430,Music,282
431,Music,283
432,Music,284
433,Music,285
434,Music,286
435,Music,287
436,Music,288
437,Music,289
438,Music,290
439,Music,291
440,Music,292
441,Music,293
442,Music,294
443,Music,295
444,Music,296
445,Music,297
446,Music,298
447,Music,299
448,90’s Music,299
449,Music,300
450,90’s Music,300
451,Music,301
452,90’s Music,301
453,Music,302
454,90’s Music,302
455,Music,303
456,90’s Music,303
457,Music,304
458,90’s Music,304
459,Music,305
460,90’s Music,305
461,Music,306
462,90’s Music,306
463,Music,307
464,90’s Music,307
465,Music,308
466,90’s Music,308
467,Music,309
468,90’s Music,309
469,Music,310
470,90’s Music,310
471,Music,311
472,90’s Music,311
473,Music,312
474,90’s Music,312
475,Music,313
476,Music,314
477,Music,315
478,Music,316
479,Music,317
480,Music,318
481,Music,319
482,Music,320
483,Music,321
484,Music,322
485,Music,323
486,Music,324
487,Music,325
488,Music,326
489,Music,327
490,Music,328
491,Music,329
492,Music,330
493,Music,331
494,Music,332
495,Music,333
496,Music,334
497,Music,335
498,Music,336
499,Music,337
500,90’s Music,337
501,Music,338
502,90’s Music,338
503,Music,339
504,90’s Music,339
505,Music,340
506,90’s Music,340
507,Music,341
508,90’s Music,341
509,Music,342
510,90’s Music,342
511,Music,343
512,90’s Music,343
513,Music,344
514,90’s Music,344
515,Music,345
516,90’s Music,345
517,Music,346
518,90’s Music,346
519,Music,347
520,90’s Music,347
521,Music,348
522,90’s Music,348
523,Music,349
524,90’s Music,349
525,Music,350
526,90’s Music,350
527,Music,351
528,Music,352
529,Music,353
530,Music,354
531,Music,355
532,Music,356
533,Music,357
534,Music,358
535,Music,359
536,Music,360
537,Music,361
538,Music,362
539,Music,363
540,Music,364
541,Music,365
542,Music,366
543,Music,367
544,Music,368
545,Music,369
546,Music,370
547,Music,371
548,Music,372
549,Music,373
550,Music,374
551,Music,375
552,Music,376
553,Music,377
554,Music,378
555,Music,379
556,Music,380
557,Music,381
558,Music,382
559,Music,383
560,Music,384
561,Music,385
562,Music,386
563,Music,387
564,Music,388
565,Music,389
566,Music,390
567,Music,391
568,Brazilian Music,391
569,Music,392
570,Music,393
571,Brazilian Music,393
572,Music,394
573,Music,395
574,Music,396
575,Music,397
576,Music,398
577,Music,399
578,Music,400
579,Music,401
580,Music,402
581,Music,403
582,Music,404
583,Music,405
584,Music,406
585,Music,407
586,Music,408
587,90’s Music,408
588,Music,409
589,90’s Music,409
590,Music,410
591,90’s Music,410
592,Music,411
593,90’s Music,411
594,Music,412
595,90’s Music,412
596,Music,413
597,90’s Music,413
598,Music,414
599,90’s Music,414
600,Music,415
601,90’s Music,415
602,Music,416
603,90’s Music,416
604,Music,417
605,90’s Music,417
606,Music,418
607,90’s Music,418
608,Music,419
609,Music,420
610,Music,421
611,Music,422
612,Music,423
613,Music,424
614,90’s Music,424
615,Music,425
616,Music,426
617,Music,427
618,Music,428
619,90’s Music,428
620,Music,429
621,Music,430
622,90’s Music,430
623,Music,431
624,Music,432
625,Music,433
626,Music,434
627,90’s Music,434
628,Music,435
629,Music,436
630,90’s Music,436
631,Music,437
632,90’s Music,437
633,Music,438
634,90’s Music,438
635,Music,439
636,90’s Music,439
637,Music,440
638,90’s Music,440
639,Music,441
640,90’s Music,441
641,Music,442
642,90’s Music,442
643,Music,443
644,90’s Music,443
645,Music,444
646,90’s Music,444
647,Music,445
648,90’s Music,445
649,Music,446
650,90’s Music,446
651,Music,447
652,90’s Music,447
653,Music,448
654,90’s Music,448
655,Music,449
656,90’s Music,449
657,Music,450
658,90’s Music,450
659,Music,451
660,90’s Music,451
661,Music,452
662,Music,453
663,90’s Music,453
664,Music,454
665,90’s Music,454
666,Music,455
667,90’s Music,455
668,Music,456
669,90’s Music,456
670,Music,457
671,90’s Music,457
672,Music,458
673,90’s Music,458
674,Music,459
675,90’s Music,459
676,Music,460
677,90’s Music,460
678,Music,461
679,90’s Music,461
680,Music,462
681,90’s Music,462
682,Music,463
683,90’s Music,463
684,Music,464
685,90’s Music,464
686,Music,465
687,90’s Music,465
688,Music,466
689,90’s Music,466
690,Music,467
691,90’s Music,467
692,Music,468
693,Music,469
694,Music,470
695,90’s Music,470
696,Music,471
697,90’s Music,471
698,Music,472
699,90’s Music,472
700,Music,473
701,90’s Music,473
702,Music,474
703,90’s Music,474
704,Music,475
705,90’s Music,475
706,Music,476
707,90’s Music,476
708,Music,477
709,90’s Music,477
710,Music,478
711,90’s Music,478
712,Music,479
713,90’s Music,479
714,Music,480
715,90’s Music,480
716,Music,481
717,90’s Music,481
718,Music,482
719,90’s Music,482
720,Music,483
721,90’s Music,483
722,Music,484
723,90’s Music,484
724,Music,485
725,Music,486
726,Music,487
727,Music,488
728,Music,489
729,Music,490
730,Music,491
731,Music,492
732,Music,493
733,Music,494
734,Music,495
735,Music,496
736,Music,497
737,Music,498
738,Music,499
739,Music,500
740,Music,501
741,90’s Music,501
742,Brazilian Music,501
743,Music,502
744,90’s Music,502
745,Music,503
746,90’s Music,503
747,Music,504
748,90’s Music,504
749,Brazilian Music,504
750,Music,505
751,90’s Music,505
752,Music,506
753,90’s Music,506
754,Music,507
755,90’s Music,507
756,Music,508
757,90’s Music,508
758,Music,509
759,90’s Music,509
760,Music,510
761,90’s Music,510
762,Music,511
763,90’s Music,511
764,Music,512
765,90’s Music,512
766,Music,513
767,90’s Music,513
768,Music,514
769,90’s Music,514
770,Music,515
771,90’s Music,515
772,Music,516
773,90’s Music,516
774,Brazilian Music,516
775,Music,517
776,90’s Music,517
777,Music,518
778,90’s Music,518
779,Music,519
780,90’s Music,519
781,Music,520
782,90’s Music,520
783,Music,521
784,90’s Music,521
785,Music,522
786,90’s Music,522
787,Music,523
788,90’s Music,523
789,Brazilian Music,523
790,Music,524
791,90’s Music,524
792,Music,525
793,90’s Music,525
794,Music,526
795,90’s Music,526
796,Music,527
797,90’s Music,527
798,Music,528
799,90’s Music,528
800,Music,529
801,Music,530
802,Music,531
803,Music,532
804,Music,533
805,Music,534
806,Music,535
807,Music,536
808,Music,537
809,Music,538
810,Music,539
811,Music,540
812,Music,541
813,Music,542
814,Music,543
815,Music,544
816,Music,545
817,Music,546
818,Music,547
819,Music,548
820,Music,549
821,Music,550
822,Music,551
823,Music,552
824,Music,553
825,Music,554
826,Music,555
827,Music,556
828,Music,557
829,Music,558
830,Music,559
831,Music,560
832,Music,561
833,Music,562
834,Music,563
835,Music,564
836,Music,565
837,Music,566
838,Music,567
839,Music,568
840,Music,569
841,Music,570
842,90’s Music,570
843,Music,571
844,90’s Music,571
845,Music,572
846,90’s Music,572
847,Music,573
848,90’s Music,573
849,Music,574
850,90’s Music,574
851,Music,575
852,90’s Music,575
853,Music,576
854,90’s Music,576
855,Music,577
856,90’s Music,577
857,Music,578
858,90’s Music,578
859,Music,579
860,90’s Music,579
861,Music,580
862,90’s Music,580
863,Music,581
864,90’s Music,581
865,Music,582
866,90’s Music,582
867,Music,583
868,90’s Music,583
869,Music,584
870,90’s Music,584
871,Music,585
872,90’s Music,585
873,Music,586
874,90’s Music,586
875,Music,587
876,90’s Music,587
877,Music,588
878,90’s Music,588
879,Music,589
880,90’s Music,589
881,Music,590
882,90’s Music,590
883,Music,591
884,90’s Music,591
885,Music,592
886,90’s Music,592
887,Music,593
888,90’s Music,593
889,Music,594
890,90’s Music,594
891,Music,595
892,90’s Music,595
893,Music,596
894,90’s Music,596
895,Music,597
896,On-The-Go 1,597
897,Music,598
898,Music,599
899,Music,600
900,Music,601
901,Music,602
902,Music,603
903,Music,604
904,Music,605
905,Music,606
906,Music,607
907,Music,608
908,Music,609
909,Music,610
910,Music,611
911,Music,612
912,Music,613
913,Music,614
914,Music,615
915,Music,616
916,Music,617
917,Music,618
918,Music,619
919,Music,620
920,Music,621
921,Music,622
922,Music,623
923,Music,624
924,Music,625
925,Music,626
926,Music,627
927,Music,628
928,Music,629
929,Music,630
930,Music,631
931,Music,632
932,Music,633
933,Music,634
934,Music,635
935,Music,636
936,Music,637
937,Music,638
938,Music,639
939,Music,640
940,Music,641
941,Music,642
942,Music,643
943,Music,644
944,Music,645
945,Music,646
946,Music,647
947,Music,648
948,Music,649
949,Music,650
950,Music,651
951,Music,652
952,Music,653
953,Music,654
954,Music,655
955,Music,656
956,Music,657
957,Music,658
958,Music,659
959,Music,660
960,Music,661
961,Music,662
962,Music,663
963,Music,664
964,Music,665
965,Music,666
966,Music,667
967,Music,668
968,Music,669
969,Music,670
970,Music,671
971,Music,672
972,Music,673
973,Music,674
974,Music,675
975,Music,676
976,Music,677
977,Music,678
978,Music,679
979,Music,680
980,Music,681
981,Music,682
982,Music,683
983,Music,684
984,Music,685
985,Music,686
986,Music,687
987,Music,688
988,Music,689
989,Music,690
990,Music,691
991,Music,692
992,Music,693
993,Music,694
994,Music,695
995,Music,696
996,Music,697
997,Music,698
998,Music,699
999,Music,700
1000,Music,701
1001,Music,702
1002,Music,703
1003,Music,704
1004,Music,705
1005,Music,706
1006,Music,707
1007,Music,708
1008,Music,709
1009,Music,710
1010,Music,711
1011,Music,712
1012,Music,713
1013,Music,714
1014,Music,715
1015,Music,716
1016,Music,717
1017,Music,718
1018,Music,719
1019,Music,720
1020,Music,721
1021,Music,722
1022,Music,723
1023,Music,724
1024,Music,725
1025,Music,726
1026,Music,727
1027,Music,728
1028,Music,729
1029,Music,730
1030,Brazilian Music,730
1031,Music,731
1032,Music,732
1033,Music,733
1034,Music,734
1035,Music,735
1036,Music,736
1037,Music,737
1038,Music,738
1039,Brazilian Music,738
1040,Music,739
1041,Music,740
1042,Music,741
1043,Music,742
1044,Music,743
1045,Music,744
1046,Music,745
1047,Music,746
1048,Music,747
1049,Music,748
1050,Music,749
1051,Music,750
1052,Music,751
1053,Music,752
1054,Music,753
1055,Music,754
1056,Music,755
1057,Music,756
1058,Music,757
1059,Music,758
1060,Music,759
1061,Music,760
1062,Music,761
1063,Music,762
1064,Music,763
1065,Music,764
1066,Music,765
1067,Music,766
1068,Music,767
1069,Music,768
1070,90’s Music,768
1071,Music,769
1072,90’s Music,769
1073,Music,770
1074,90’s Music,770
1075,Music,771
1076,90’s Music,771
1077,Music,772
1078,90’s Music,772
1079,Music,773
1080,90’s Music,773
1081,Music,774
1082,90’s Music,774
1083,Music,775
1084,90’s Music,775
1085,Music,776
1086,90’s Music,776
1087,Music,777
1088,90’s Music,777
1089,Music,778
1090,90’s Music,778
1091,Music,779
1092,Music,780
1093,Music,781
1094,Music,782
1095,Music,783
1096,Music,784
1097,Music,785
1098,Music,786
1099,90’s Music,786
1100,Music,787
1101,90’s Music,787
1102,Music,788
1103,90’s Music,788
1104,Music,789
1105,90’s Music,789
1106,Music,790
1107,90’s Music,790
1108,Music,791
1109,90’s Music,791
1110,Music,792
1111,90’s Music,792
1112,Music,793
1113,90’s Music,793
1114,Music,794
1115,90’s Music,794
1116,Music,795
1117,90’s Music,795
1118,Music,796
1119,90’s Music,796
1120,Music,797
1121,90’s Music,797
1122,Music,798
1123,90’s Music,798
1124,Music,799
1125,90’s Music,799
1126,Music,800
1127,90’s Music,800
1128,Music,801
1129,90’s Music,801
1130,Music,802
1131,90’s Music,802
1132,Music,803
1133,90’s Music,803
1134,Music,804
1135,90’s Music,804
1136,Music,805
1137,90’s Music,805
1138,Music,806
1139,90’s Music,806
1140,Music,807
1141,Music,808
1142,Music,809
1143,Music,810
1144,Music,811
1145,Music,812
1146,Music,813
1147,Music,814
1148,Music,815
1149,Music,816
1150,90’s Music,816
1151,Music,817
1152,90’s Music,817
1153,Music,818
1154,90’s Music,818
1155,Music,819
1156,90’s Music,819
1157,Music,820
1158,90’s Music,820
1159,Music,821
1160,90’s Music,821
1161,Music,822
1162,90’s Music,822
1163,Music,823
1164,90’s Music,823
1165,Music,824
1166,90’s Music,824
1167,Music,825
1168,90’s Music,825
1169,Music,826
1170,90’s Music,826
1171,Music,827
1172,90’s Music,827
1173,Music,828
1174,90’s Music,828
1175,Music,829
1176,90’s Music,829
1177,Music,830
1178,90’s Music,830
1179,Music,831
1180,90’s Music,831
1181,Music,832
1182,90’s Music,832
1183,Music,833
1184,90’s Music,833
1185,Music,834
1186,90’s Music,834
1187,Music,835
1188,90’s Music,835
1189,Music,836
1190,90’s Music,836
1191,Music,837
1192,90’s Music,837
1193,Music,838
1194,90’s Music,838
1195,Music,839
1196,90’s Music,839
1197,Music,840
1198,90’s Music,840
1199,Music,841
1200,90’s Music,841
1201,Music,842
1202,Music,843
1203,Music,844
1204,Music,845
1205,Music,846
1206,Music,847
1207,Music,848
1208,Music,849
1209,Music,850
1210,Music,851
1211,90’s Music,851
1212,Music,852
1213,90’s Music,852
1214,Brazilian Music,852
1215,Music,853
1216,90’s Music,853
1217,Music,854
1218,90’s Music,854
1219,Music,855
1220,90’s Music,855
1221,Music,856
1222,90’s Music,856
1223,Music,857
1224,90’s Music,857
1225,Music,858
1226,90’s Music,858
1227,Brazilian Music,858
1228,Music,859
1229,90’s Music,859
1230,Music,860
1231,90’s Music,860
1232,Music,861
1233,90’s Music,861
1234,Music,862
1235,90’s Music,862
1236,Music,863
1237,90’s Music,863
1238,Music,864
1239,90’s Music,864
1240,Brazilian Music,864
1241,Music,865
1242,90’s Music,865
1243,Music,866
1244,90’s Music,866
1245,Music,867
1246,90’s Music,867
1247,Brazilian Music,867
1248,Music,868
1249,90’s Music,868
1250,Music,869
1251,90’s Music,869
1252,Music,870
1253,90’s Music,870
1254,Music,871
1255,90’s Music,871
1256,Music,872
1257,90’s Music,872
1258,Music,873
1259,90’s Music,873
1260,Music,874
1261,90’s Music,874
1262,Brazilian Music,874
1263,Music,875
1264,90’s Music,875
1265,Music,876
1266,90’s Music,876
1267,Music,877
1268,Brazilian Music,877
1269,Music,878
1270,Music,879
1271,Music,880
1272,Music,881
1273,Music,882
1274,Music,883
1275,Music,884
1276,Music,885
1277,Brazilian Music,885
1278,Music,886
1279,Music,887
1280,Music,888
1281,Brazilian Music,888
1282,Music,889
1283,Music,890
1284,Music,891
1285,90’s Music,891
1286,Music,892
1287,90’s Music,892
1288,Music,893
1289,90’s Music,893
1290,Music,894
1291,90’s Music,894
1292,Music,895
1293,90’s Music,895
1294,Music,896
1295,90’s Music,896
1296,Music,897
1297,90’s Music,897
1298,Music,898
1299,90’s Music,898
1300,Music,899
1301,90’s Music,899
1302,Music,900
1303,90’s Music,900
1304,Music,901
1305,90’s Music,901
1306,Music,902
1307,90’s Music,902
1308,Music,903
1309,90’s Music,903
1310,Music,904
1311,90’s Music,904
1312,Music,905
1313,90’s Music,905
1314,Music,906
1315,90’s Music,906
1316,Music,907
1317,90’s Music,907
1318,Music,908
1319,90’s Music,908
1320,Music,909
1321,90’s Music,909
1322,Music,910
1323,90’s Music,910
1324,Music,911
1325,90’s Music,911
1326,Music,912
1327,90’s Music,912
1328,Music,913
1329,90’s Music,913
1330,Music,914
1331,90’s Music,914
1332,Music,915
1333,90’s Music,915
1334,Music,916
1335,90’s Music,916
1336,Music,917
1337,90’s Music,917
1338,Music,918
1339,90’s Music,918
1340,Music,919
1341,90’s Music,919
1342,Music,920
1343,90’s Music,920
1344,Music,921
1345,90’s Music,921
1346,Music,922
1347,90’s Music,922
1348,Music,923
1349,90’s Music,923
1350,Music,924
1351,90’s Music,924
1352,Music,925
1353,90’s Music,925
1354,Music,926
1355,90’s Music,926
1356,Music,927
1357,90’s Music,927
1358,Music,928
1359,90’s Music,928
1360,Music,929
1361,90’s Music,929
1362,Music,930
1363,90’s Music,930
1364,Music,931
1365,90’s Music,931
1366,Music,932
1367,90’s Music,932
1368,Music,933
1369,90’s Music,933
1370,Music,934
1371,90’s Music,934
1372,Music,935
1373,90’s Music,935
1374,Music,936
1375,90’s Music,936
1376,Music,937
1377,90’s Music,937
1378,Music,938
1379,90’s Music,938
1380,Music,939
1381,90’s Music,939
1382,Music,940
1383,90’s Music,940
1384,Music,941
1385,90’s Music,941
1386,Music,942
1387,90’s Music,942
1388,Music,943
1389,90’s Music,943
1390,Music,944
1391,90’s Music,944
1392,Music,945
1393,90’s Music,945
1394,Music,946
1395,90’s Music,946
1396,Music,947
1397,90’s Music,947
1398,Music,948
1399,90’s Music,948
1400,Music,949
1401,90’s Music,949
1402,Music,950
1403,90’s Music,950
1404,Music,951
1405,90’s Music,951
1406,Music,952
1407,90’s Music,952
1408,Music,953
1409,90’s Music,953
1410,Music,954
1411,90’s Music,954
1412,Music,955
1413,90’s Music,955
1414,Music,956
1415,90’s Music,956
1416,Music,957
1417,90’s Music,957
1418,Music,958
1419,90’s Music,958
1420,Music,959
1421,90’s Music,959
1422,Music,960
1423,90’s Music,960
1424,Music,961
1425,90’s Music,961
1426,Music,962
1427,90’s Music,962
1428,Music,963
1429,90’s Music,963
1430,Music,964
1431,Music,965
1432,Music,966
1433,Music,967
1434,Music,968
1435,Music,969
1436,Music,970
1437,Music,971
1438,Music,972
1439,Music,973
1440,Music,974
1441,Music,975
1442,Music,976
1443,90’s Music,976
1444,Music,977
1445,90’s Music,977
1446,Music,978
1447,90’s Music,978
1448,Music,979
1449,90’s Music,979
1450,Music,980
1451,Music,981
1452,Music,982
1453,Music,983
1454,Music,984
1455,90’s Music,984
1456,Music,985
1457,Music,986
1458,Music,987
1459,Music,988
1460,Music,989
1461,Music,990
1462,Music,991
1463,Music,992
1464,Music,993
1465,Music,994
1466,Music,995
1467,Music,996
1468,Music,997
1469,Music,998
1470,Music,999
1471,Music,1000
1472,Music,1001
1473,Music,1002
1474,Music,1003
1475,Music,1004
1476,Music,1005
1477,Music,1006
1478,Music,1007
1479,Music,1008
1480,Music,1009
1481,Music,1010
1482,Music,1011
1483,Music,1012
1484,Music,1013
1485,Music,1014
1486,Music,1015
1487,Music,1016
1488,Music,1017
1489,Music,1018
1490,Music,1019
1491,Music,1020
1492,90’s Music,1020
1493,Music,1021
1494,90’s Music,1021
1495,Music,1022
1496,90’s Music,1022
1497,Music,1023
1498,90’s Music,1023
1499,Music,1024
1500,90’s Music,1024
1501,Music,1025
1502,90’s Music,1025
1503,Music,1026
1504,90’s Music,1026
1505,Music,1027
1506,90’s Music,1027
1507,Music,1028
1508,90’s Music,1028
1509,Music,1029
1510,90’s Music,1029
1511,Music,1030
1512,90’s Music,1030
1513,Music,1031
1514,90’s Music,1031
1515,Music,1032
1516,90’s Music,1032
1517,Music,1033
1518,Music,1034
1519,Music,1035
1520,Music,1036
1521,Music,1037
1522,Music,1038
1523,Music,1039
1524,Music,1040
1525,Music,1041
1526,Music,1042
1527,Music,1043
1528,Music,1044
1529,Music,1045
1530,Music,1046
1531,Music,1047
1532,Music,1048
1533,Music,1049
1534,Music,1050
1535,Music,1051
1536,Music,1052
1537,Music,1053
1538,Music,1054
1539,Music,1055
1540,Music,1056
1541,Music,1057
1542,90’s Music,1057
1543,Music,1058
1544,90’s Music,1058
1545,Music,1059
1546,90’s Music,1059
1547,Music,1060
1548,90’s Music,1060
1549,Music,1061
1550,90’s Music,1061
1551,Music,1062
1552,90’s Music,1062
1553,Music,1063
1554,90’s Music,1063
1555,Music,1064
1556,90’s Music,1064
1557,Music,1065
1558,90’s Music,1065
1559,Music,1066
1560,90’s Music,1066
1561,Music,1067
1562,90’s Music,1067
1563,Music,1068
1564,90’s Music,1068
1565,Music,1069
1566,90’s Music,1069
1567,Music,1070
1568,90’s Music,1070
1569,Music,1071
1570,90’s Music,1071
1571,Music,1072
1572,90’s Music,1072
1573,Music,1073
1574,Music,1074
1575,Music,1075
1576,Music,1076
1577,Music,1077
1578,Music,1078
1579,Music,1079
1580,Music,1080
1581,Music,1081
1582,Music,1082
1583,Music,1083
1584,Music,1084
1585,Music,1085
1586,Music,1086
1587,Music,1087
1588,90’s Music,1087
1589,Music,1088
1590,90’s Music,1088
1591,Brazilian Music,1088
1592,Music,1089
1593,90’s Music,1089
1594,Music,1090
1595,90’s Music,1090
1596,Music,1091
1597,90’s Music,1091
1598,Music,1092
1599,90’s Music,1092
1600,Music,1093
1601,90’s Music,1093
1602,Brazilian Music,1093
1603,Music,1094
1604,90’s Music,1094
1605,Music,1095
1606,90’s Music,1095
1607,Music,1096
1608,90’s Music,1096
1609,Music,1097
1610,90’s Music,1097
1611,Music,1098
1612,90’s Music,1098
1613,Music,1099
1614,90’s Music,1099
1615,Brazilian Music,1099
1616,Music,1100
1617,90’s Music,1100
1618,Music,1101
1619,90’s Music,1101
1620,Music,1102
1621,Music,1103
1622,Music,1104
1623,Music,1105
1624,90’s Music,1105
1625,Brazilian Music,1105
1626,Music,1106
1627,90’s Music,1106
1628,Music,1107
1629,90’s Music,1107
1630,Music,1108
1631,90’s Music,1108
1632,Music,1109
1633,90’s Music,1109
1634,Music,1110
1635,90’s Music,1110
1636,Music,1111
1637,90’s Music,1111
1638,Music,1112
1639,90’s Music,1112
1640,Music,1113
1641,90’s Music,1113
1642,Music,1114
1643,90’s Music,1114
1644,Music,1115
1645,90’s Music,1115
1646,Music,1116
1647,90’s Music,1116
1648,Music,1117
1649,90’s Music,1117
1650,Music,1118
1651,90’s Music,1118
1652,Music,1119
1653,90’s Music,1119
1654,Music,1120
1655,90’s Music,1120
1656,Music,1121
1657,Music,1122
1658,Music,1123
1659,Music,1124
1660,Music,1125
1661,Music,1126
1662,Music,1127
1663,Music,1128
1664,Music,1129
1665,Music,1130
1666,Music,1131
1667,Music,1132
1668,Music,1133
1669,Music,1134
1670,Music,1135
1671,Music,1136
1672,Music,1137
1673,Music,1138
1674,Music,1139
1675,Music,1140
1676,Music,1141
1677,Music,1142
1678,Music,1143
1679,Music,1144
1680,Music,1145
1681,Music,1174
1682,90’s Music,1174
1683,Music,1175
1684,90’s Music,1175
1685,Music,1176
1686,90’s Music,1176
1687,Music,1177
1688,90’s Music,1177
1689,Music,1178
1690,90’s Music,1178
1691,Music,1179
1692,90’s Music,1179
1693,Music,1180
1694,90’s Music,1180
1695,Music,1181
1696,90’s Music,1181
1697,Music,1182
1698,90’s Music,1182
1699,Music,1183
1700,90’s Music,1183
1701,Music,1184
1702,90’s Music,1184
1703,Music,1185
1704,90’s Music,1185
1705,Music,1186
1706,90’s Music,1186
1707,Music,1187
1708,90’s Music,1187
1709,Music,1188
1710,90’s Music,1188
1711,Music,1189
1712,90’s Music,1189
1713,Music,1190
1714,90’s Music,1190
1715,Music,1191
1716,90’s Music,1191
1717,Music,1192
1718,90’s Music,1192
1719,Music,1193
1720,90’s Music,1193
1721,Music,1194
1722,90’s Music,1194
1723,Music,1195
1724,90’s Music,1195
1725,Music,1196
1726,90’s Music,1196
1727,Music,1197
1728,90’s Music,1197
1729,Music,1198
1730,90’s Music,1198
1731,Music,1199
1732,90’s Music,1199
1733,Music,1200
1734,90’s Music,1200
1735,Music,1212
1736,90’s Music,1212
1737,Music,1213
1738,90’s Music,1213
1739,Music,1214
1740,90’s Music,1214
1741,Music,1215
1742,90’s Music,1215
1743,Music,1216
1744,90’s Music,1216
1745,Music,1217
1746,90’s Music,1217
1747,Music,1218
1748,90’s Music,1218
1749,Music,1219
1750,90’s Music,1219
1751,Music,1220
1752,90’s Music,1220
1753,Music,1221
1754,90’s Music,1221
1755,Music,1222
1756,90’s Music,1222
1757,Music,1223
1758,90’s Music,1223
1759,Music,1224
1760,90’s Music,1224
1761,Music,1225
1762,90’s Music,1225
1763,Music,1226
1764,90’s Music,1226
1765,Music,1227
1766,90’s Music,1227
1767,Music,1228
1768,90’s Music,1228
1769,Music,1229
1770,90’s Music,1229
1771,Music,1230
1772,90’s Music,1230
1773,Music,1231
1774,90’s Music,1231
1775,Music,1232
1776,90’s Music,1232
1777,Music,1233
1778,90’s Music,1233
1779,Music,1234
1780,90’s Music,1234
1781,Music,1235
1782,Music,1236
1783,Music,1237
1784,Music,1238
1785,Music,1239
1786,Music,1240
1787,Music,1241
1788,Music,1242
1789,Music,1243
1790,Music,1244
1791,Music,1245
1792,Music,1246
1793,Music,1247
1794,Music,1248
1795,Music,1249
1796,Music,1250
1797,Music,1251
1798,Music,1252
1799,Music,1253
1800,Music,1254
1801,Music,1255
1802,Music,1256
1803,90’s Music,1256
1804,Music,1257
1805,90’s Music,1257
1806,Music,1258
1807,90’s Music,1258
1808,Music,1259
1809,90’s Music,1259
1810,Music,1260
1811,90’s Music,1260
1812,Music,1261
1813,90’s Music,1261
1814,Music,1262
1815,90’s Music,1262
1816,Music,1263
1817,90’s Music,1263
1818,Music,1264
1819,90’s Music,1264
1820,Music,1265
1821,90’s Music,1265
1822,Music,1266
1823,90’s Music,1266
1824,Music,1267
1825,90’s Music,1267
1826,Music,1268
1827,Music,1269
1828,Music,1270
1829,Music,1271
1830,Music,1272
1831,Music,1273
1832,Music,1274
1833,Music,1275
1834,Music,1276
1835,Music,1277
1836,Music,1278
1837,Heavy Metal Classic,1278
1838,Music,1279
1839,Music,1280
1840,Music,1281
1841,Music,1282
1842,Music,1283
1843,Heavy Metal Classic,1283
1844,Music,1284
1845,Music,1285
1846,Music,1286
1847,Music,1287
1848,Music,1288
1849,Music,1289
1850,Music,1290
1851,Music,1291
1852,Music,1292
1853,Music,1293
1854,Music,1294
1855,Music,1295
1856,Music,1296
1857,Music,1297
1858,Music,1298
1859,Music,1299
1860,Music,1300
1861,Music,1301
1862,Music,1302
1863,Music,1303
1864,Music,1304
1865,Music,1305
1866,90’s Music,1305
1867,Music,1306
1868,90’s Music,1306
1869,Music,1307
1870,90’s Music,1307
1871,Music,1308
1872,90’s Music,1308
1873,Music,1309
1874,90’s Music,1309
1875,Music,1310
1876,90’s Music,1310
1877,Music,1311
1878,90’s Music,1311
1879,Music,1312
1880,90’s Music,1312
1881,Music,1313
1882,90’s Music,1313
1883,Music,1314
1884,90’s Music,1314
1885,Music,1315
1886,90’s Music,1315
1887,Music,1316
1888,90’s Music,1316
1889,Music,1317
1890,90’s Music,1317
1891,Music,1318
1892,90’s Music,1318
1893,Music,1319
1894,90’s Music,1319
1895,Music,1320
1896,90’s Music,1320
1897,Music,1321
1898,90’s Music,1321
1899,Music,1322
1900,90’s Music,1322
1901,Music,1323
1902,90’s Music,1323
1903,Music,1324
1904,90’s Music,1324
1905,Music,1325
1906,90’s Music,1325
1907,Music,1326
1908,90’s Music,1326
1909,Music,1327
1910,90’s Music,1327
1911,Music,1328
1912,90’s Music,1328
1913,Music,1329
1914,90’s Music,1329
1915,Music,1330
1916,90’s Music,1330
1917,Music,1331
1918,90’s Music,1331
1919,Music,1332
1920,90’s Music,1332
1921,Music,1333
1922,90’s Music,1333
1923,Music,1334
1924,90’s Music,1334
1925,Music,1335
1926,Heavy Metal Classic,1335
1927,Music,1336
1928,Music,1337
1929,Music,1338
1930,Music,1339
1931,Music,1340
1932,Music,1341
1933,Music,1342
1934,Music,1343
1935,Music,1344
1936,Music,1345
1937,Heavy Metal Classic,1345
1938,Music,1346
1939,Music,1347
1940,Music,1348
1941,Music,1349
1942,Music,1350
1943,Music,1351
1944,Music,1352
1945,Music,1353
1946,Music,1354
1947,Music,1355
1948,Music,1356
1949,Music,1357
1950,Music,1358
1951,Music,1359
1952,Music,1360
1953,Music,1361
1954,Music,1362
1955,Music,1363
1956,Music,1364
1957,Music,1365
1958,Music,1366
1959,Music,1367
1960,Music,1368
1961,Music,1369
1962,Music,1370
1963,Music,1371
1964,Music,1372
1965,Music,1373
1966,Music,1374
1967,Music,1375
1968,Music,1376
1969,Music,1377
1970,Music,1378
1971,Music,1379
1972,Music,1380
1973,Heavy Metal Classic,1380
1974,Music,1381
1975,Music,1382
1976,Music,1383
1977,Music,1384
1978,Music,1385
1979,Music,1386
1980,Music,1387
1981,Music,1388
1982,Music,1389
1983,Music,1390
1984,Music,1391
1985,Music,1392
1986,Heavy Metal Classic,1392
1987,Music,1393
1988,Music,1394
1989,Music,1395
1990,90’s Music,1395
1991,Music,1396
1992,90’s Music,1396
1993,Music,1397
1994,90’s Music,1397
1995,Music,1398
1996,90’s Music,1398
1997,Music,1399
1998,90’s Music,1399
1999,Music,1400
2000,90’s Music,1400
2001,Music,1401
2002,90’s Music,1401
2003,Music,1402
2004,90’s Music,1402
2005,Music,1403
2006,90’s Music,1403
2007,Music,1404
2008,90’s Music,1404
2009,Music,1405
2010,90’s Music,1405
2011,Music,1406
2012,90’s Music,1406
2013,Music,1407
2014,90’s Music,1407
2015,Music,1408
2016,90’s Music,1408
2017,Music,1409
2018,90’s Music,1409
2019,Music,1410
2020,90’s Music,1410
2021,Music,1411
2022,90’s Music,1411
2023,Music,1412
2024,90’s Music,1412
2025,Music,1413
2026,90’s Music,1413
2027,Music,1414
2028,90’s Music,1414
2029,Music,1415
2030,90’s Music,1415
2031,Music,1416
2032,90’s Music,1416
2033,Music,1417
2034,90’s Music,1417
2035,Music,1418
2036,90’s Music,1418
2037,Music,1419
2038,90’s Music,1419
2039,Music,1420
2040,90’s Music,1420
2041,Music,1421
2042,90’s Music,1421
2043,Music,1422
2044,90’s Music,1422
2045,Music,1423
2046,90’s Music,1423
2047,Music,1424
2048,90’s Music,1424
2049,Music,1425
2050,90’s Music,1425
2051,Music,1426
2052,90’s Music,1426
2053,Music,1427
2054,90’s Music,1427
2055,Music,1428
2056,90’s Music,1428
2057,Music,1429
2058,90’s Music,1429
2059,Music,1430
2060,90’s Music,1430
2061,Music,1431
2062,90’s Music,1431
2063,Music,1432
2064,90’s Music,1432
2065,Music,1433
2066,90’s Music,1433
2067,Music,1434
2068,90’s Music,1434
2069,Music,1435
2070,90’s Music,1435
2071,Music,1436
2072,90’s Music,1436
2073,Music,1437
2074,90’s Music,1437
2075,Music,1438
2076,90’s Music,1438
2077,Music,1439
2078,90’s Music,1439
2079,Music,1440
2080,90’s Music,1440
2081,Music,1441
2082,90’s Music,1441
2083,Music,1442
2084,90’s Music,1442
2085,Music,1443
2086,90’s Music,1443
2087,Music,1444
2088,90’s Music,1444
2089,Music,1445
2090,90’s Music,1445
2091,Music,1446
2092,90’s Music,1446
2093,Music,1447
2094,90’s Music,1447
2095,Music,1448
2096,90’s Music,1448
2097,Music,1449
2098,90’s Music,1449
2099,Music,1450
2100,90’s Music,1450
2101,Music,1451
2102,90’s Music,1451
2103,Music,1452
2104,90’s Music,1452
2105,Music,1453
2106,90’s Music,1453
2107,Music,1454
2108,90’s Music,1454
2109,Music,1455
2110,90’s Music,1455
2111,Music,1456
2112,90’s Music,1456
2113,Music,1457
2114,90’s Music,1457
2115,Music,1458
2116,90’s Music,1458
2117,Music,1459
2118,90’s Music,1459
2119,Music,1460
2120,90’s Music,1460
2121,Music,1461
2122,90’s Music,1461
2123,Music,1462
2124,90’s Music,1462
2125,Music,1463
2126,90’s Music,1463
2127,Music,1464
2128,90’s Music,1464
2129,Music,1465
2130,90’s Music,1465
2131,Music,1466
2132,Music,1467
2133,Music,1468
2134,Music,1469
2135,Music,1470
2136,Music,1471
2137,Music,1472
2138,Music,1473
2139,Music,1474
2140,Music,1475
2141,Music,1476
2142,Music,1477
2143,Music,1478
2144,Music,1479
2145,Music,1480
2146,Music,1481
2147,Music,1482
2148,Music,1483
2149,Music,1484
2150,Music,1485
2151,Music,1486
2152,Music,1487
2153,Music,1488
2154,Music,1489
2155,Music,1490
2156,Music,1491
2157,Music,1492
2158,Music,1493
2159,Music,1494
2160,Music,1495
2161,Music,1506
2162,Music,1507
2163,Music,1508
2164,Music,1509
2165,Music,1510
2166,Music,1511
2167,Music,1512
2168,Music,1513
2169,Music,1514
2170,Brazilian Music,1514
2171,Music,1515
2172,Music,1516
2173,Music,1517
2174,Music,1518
2175,Brazilian Music,1518
2176,Music,1519
2177,Brazilian Music,1519
2178,Music,1520
2179,90’s Music,1520
2180,Music,1521
2181,90’s Music,1521
2182,Music,1522
2183,90’s Music,1522
2184,Music,1523
2185,90’s Music,1523
2186,Music,1524
2187,90’s Music,1524
2188,Music,1525
2189,90’s Music,1525
2190,Music,1526
2191,90’s Music,1526
2192,Music,1527
2193,90’s Music,1527
2194,Music,1528
2195,90’s Music,1528
2196,Music,1529
2197,90’s Music,1529
2198,Music,1530
2199,90’s Music,1530
2200,Music,1531
2201,90’s Music,1531
2202,Music,1532
2203,Music,1533
2204,Music,1534
2205,Music,1535
2206,Music,1536
2207,Music,1537
2208,Music,1538
2209,Music,1539
2210,Music,1540
2211,Music,1541
2212,Music,1542
2213,Music,1543
2214,Music,1544
2215,Music,1545
2216,Music,1546
2217,Music,1547
2218,Music,1548
2219,Music,1549
2220,Music,1550
2221,Music,1551
2222,Music,1552
2223,Music,1553
2224,Music,1554
2225,Music,1555
2226,Music,1556
2227,Music,1557
2228,90’s Music,1557
2229,Music,1558
2230,Music,1559
2231,Music,1560
2232,Music,1561
2233,Music,1562
2234,90’s Music,1562
2235,Music,1563
2236,90’s Music,1563
2237,Music,1564
2238,90’s Music,1564
2239,Music,1565
2240,90’s Music,1565
2241,Music,1566
2242,90’s Music,1566
2243,Music,1567
2244,90’s Music,1567
2245,Music,1568
2246,90’s Music,1568
2247,Music,1569
2248,90’s Music,1569
2249,Music,1570
2250,90’s Music,1570
2251,Music,1571
2252,90’s Music,1571
2253,Music,1572
2254,90’s Music,1572
2255,Music,1573
2256,90’s Music,1573
2257,Music,1574
2258,90’s Music,1574
2259,Music,1575
2260,90’s Music,1575
2261,Music,1576
2262,90’s Music,1576
2263,Music,1577
2264,90’s Music,1577
2265,Music,1578
2266,90’s Music,1578
2267,Music,1579
2268,90’s Music,1579
2269,Music,1580
2270,90’s Music,1580
2271,Music,1581
2272,90’s Music,1581
2273,Music,1582
2274,90’s Music,1582
2275,Music,1583
2276,90’s Music,1583
2277,Music,1584
2278,90’s Music,1584
2279,Music,1585
2280,90’s Music,1585
2281,Music,1586
2282,90’s Music,1586
2283,Music,1587
2284,Music,1588
2285,Music,1589
2286,Music,1590
2287,Music,1591
2288,Music,1592
2289,Music,1593
2290,Music,1594
2291,Music,1595
2292,Music,1596
2293,Music,1597
2294,Music,1598
2295,Music,1599
2296,Music,1600
2297,Music,1601
2298,Music,1602
2299,Music,1603
2300,Music,1604
2301,Music,1605
2302,Music,1606
2303,Music,1607
2304,Music,1608
2305,Music,1609
2306,Music,1610
2307,Music,1611
2308,Music,1612
2309,Music,1613
2310,Music,1614
2311,Music,1615
2312,Music,1616
2313,Music,1617
2314,Music,1618
2315,Music,1619
2316,Music,1620
2317,Music,1621
2318,Music,1622
2319,Music,1623
2320,Music,1624
2321,Music,1625
2322,Music,1626
2323,Music,1627
2324,Music,1628
2325,Music,1629
2326,Music,1630
2327,Music,1631
2328,Music,1632
2329,Music,1633
2330,Music,1634
2331,Music,1635
2332,Music,1636
2333,Music,1637
2334,Music,1638
2335,Music,1639
2336,Music,1640
2337,Music,1641
2338,Music,1642
2339,Music,1643
2340,Music,1644
2341,Music,1645
2342,Music,1646
2343,Music,1647
2344,Music,1648
2345,Music,1649
2346,Music,1650
2347,Music,1651
2348,Music,1652
2349,Music,1653
2350,Music,1654
2351,Music,1655
2352,Music,1656
2353,Music,1657
2354,Music,1658
2355,Music,1659
2356,Music,1660
2357,Music,1661
2358,Music,1662
2359,Music,1663
2360,Music,1664
2361,Music,1665
2362,Music,1666
2363,Music,1667
2364,Music,1668
2365,Music,1669
2366,Music,1670
2367,Music,1671
2368,90’s Music,1671
2369,Music,1672
2370,90’s Music,1672
2371,Music,1673
2372,90’s Music,1673
2373,Music,1674
2374,90’s Music,1674
2375,Music,1675
2376,90’s Music,1675
2377,Music,1676
2378,90’s Music,1676
2379,Music,1677
2380,90’s Music,1677
2381,Music,1678
2382,90’s Music,1678
2383,Music,1679
2384,90’s Music,1679
2385,Music,1680
2386,90’s Music,1680
2387,Music,1681
2388,90’s Music,1681
2389,Music,1682
2390,90’s Music,1682
2391,Music,1683
2392,90’s Music,1683
2393,Music,1684
2394,90’s Music,1684
2395,Music,1685
2396,90’s Music,1685
2397,Music,1686
2398,90’s Music,1686
2399,Music,1687
2400,90’s Music,1687
2401,Music,1688
2402,90’s Music,1688
2403,Music,1689
2404,90’s Music,1689
2405,Music,1690
2406,90’s Music,1690
2407,Music,1691
2408,90’s Music,1691
2409,Music,1692
2410,90’s Music,1692
2411,Music,1693
2412,90’s Music,1693
2413,Music,1694
2414,90’s Music,1694
2415,Music,1695
2416,90’s Music,1695
2417,Music,1696
2418,90’s Music,1696
2419,Music,1697
2420,90’s Music,1697
2421,Music,1698
2422,90’s Music,1698
2423,Music,1699
2424,90’s Music,1699
2425,Music,1700
2426,90’s Music,1700
2427,Music,1701
2428,90’s Music,1701
2429,Music,1702
2430,Music,1703
2431,Music,1704
2432,Music,1705
2433,Music,1706
2434,Music,1707
2435,Music,1708
2436,Music,1709
2437,Music,1710
2438,Music,1711
2439,Music,1712
2440,Music,1713
2441,Music,1714
2442,Music,1715
2443,Music,1716
2444,Music,1717
2445,Music,1718
2446,Music,1719
2447,Music,1720
2448,Music,1721
2449,Music,1722
2450,Music,1723
2451,Music,1724
2452,Music,1725
2453,Music,1726
2454,Music,1727
2455,Music,1728
2456,Music,1729
2457,Music,1730
2458,Music,1731
2459,Music,1732
2460,Music,1733
2461,Music,1734
2462,Music,1735
2463,Music,1736
2464,Music,1737
2465,Music,1738
2466,Music,1739
2467,Music,1740
2468,Music,1741
2469,Music,1742
2470,Music,1743
2471,Music,1744
2472,Music,1745
2473,Music,1746
2474,Music,1747
2475,Music,1748
2476,Music,1749
2477,Music,1750
2478,Music,1751
2479,Music,1752
2480,Music,1753
2481,Music,1754
2482,Music,1755
2483,Music,1756
2484,Music,1757
2485,Music,1758
2486,Music,1759
2487,Music,1760
2488,Music,1761
2489,Music,1762
2490,Music,1763
2491,Music,1764
2492,Music,1765
2493,Music,1766
2494,Music,1767
2495,Music,1768
2496,Music,1769
2497,Music,1770
2498,Music,1771
2499,Music,1772
2500,Music,1773
2501,Music,1774
2502,Music,1775
2503,Music,1776
2504,Music,1777
2505,Music,1778
2506,Music,1779
2507,Music,1780
2508,Music,1781
2509,Music,1782
2510,Music,1783
2511,Music,1784
2512,Music,1785
2513,Music,1786
2514,Music,1787
2515,Music,1788
2516,Music,1789
2517,Music,1790
2518,Music,1791
2519,Music,1792
2520,Music,1793
2521,Music,1794
2522,Music,1795
2523,Music,1796
2524,Music,1797
2525,Music,1798
2526,Music,1799
2527,Music,1800
2528,Music,1801
2529,90’s Music,1801
2530,Heavy Metal Classic,1801
2531,Music,1802
2532,90’s Music,1802
2533,Music,1803
2534,90’s Music,1803
2535,Music,1804
2536,90’s Music,1804
2537,Music,1805
2538,90’s Music,1805
2539,Music,1806
2540,90’s Music,1806
2541,Music,1807
2542,90’s Music,1807
2543,Music,1808
2544,90’s Music,1808
2545,Music,1809
2546,90’s Music,1809
2547,Music,1810
2548,90’s Music,1810
2549,Music,1811
2550,90’s Music,1811
2551,Music,1812
2552,90’s Music,1812
2553,Music,1813
2554,90’s Music,1813
2555,Music,1814
2556,90’s Music,1814
2557,Music,1815
2558,90’s Music,1815
2559,Music,1816
2560,90’s Music,1816
2561,Music,1817
2562,90’s Music,1817
2563,Music,1818
2564,90’s Music,1818
2565,Music,1819
2566,90’s Music,1819
2567,Music,1820
2568,90’s Music,1820
2569,Music,1821
2570,90’s Music,1821
2571,Music,1822
2572,90’s Music,1822
2573,Music,1823
2574,90’s Music,1823
2575,Music,1824
2576,90’s Music,1824
2577,Music,1825
2578,90’s Music,1825
2579,Music,1826
2580,90’s Music,1826
2581,Music,1827
2582,90’s Music,1827
2583,Music,1828
2584,90’s Music,1828
2585,Music,1829
2586,Music,1830
2587,Heavy Metal Classic,1830
2588,Music,1831
2589,Music,1832
2590,Music,1833
2591,Music,1834
2592,Music,1835
2593,Music,1836
2594,Music,1837
2595,Heavy Metal Classic,1837
2596,Music,1838
2597,Music,1839
2598,90’s Music,1839
2599,Music,1840
2600,90’s Music,1840
2601,Music,1841
2602,90’s Music,1841
2603,Music,1842
2604,90’s Music,1842
2605,Music,1843
2606,90’s Music,1843
2607,Music,1844
2608,90’s Music,1844
2609,Music,1845
2610,90’s Music,1845
2611,Music,1846
2612,90’s Music,1846
2613,Music,1847
2614,90’s Music,1847
2615,Music,1848
2616,90’s Music,1848
2617,Music,1849
2618,90’s Music,1849
2619,Music,1850
2620,90’s Music,1850
2621,Music,1851
2622,90’s Music,1851
2623,Music,1852
2624,90’s Music,1852
2625,Music,1853
2626,Music,1854
2627,Heavy Metal Classic,1854
2628,Music,1855
2629,Music,1856
2630,Music,1857
2631,Music,1858
2632,Music,1859
2633,Music,1860
2634,Music,1861
2635,90’s Music,1861
2636,Music,1862
2637,90’s Music,1862
2638,Music,1863
2639,90’s Music,1863
2640,Music,1864
2641,90’s Music,1864
2642,Music,1865
2643,90’s Music,1865
2644,Music,1866
2645,90’s Music,1866
2646,Music,1867
2647,90’s Music,1867
2648,Music,1868
2649,90’s Music,1868
2650,Music,1869
2651,90’s Music,1869
2652,Music,1870
2653,90’s Music,1870
2654,Music,1871
2655,90’s Music,1871
2656,Music,1872
2657,90’s Music,1872
2658,Music,1873
2659,90’s Music,1873
2660,Music,1874
2661,Music,1875
2662,Music,1876
2663,Heavy Metal Classic,1876
2664,Music,1877
2665,Music,1878
2666,Music,1879
2667,Music,1880
2668,Heavy Metal Classic,1880
2669,Music,1881
2670,Music,1882
2671,Music,1883
2672,Music,1884
2673,Music,1885
2674,Music,1886
2675,Music,1887
2676,Music,1888
2677,Music,1889
2678,Music,1890
2679,Music,1891
2680,Music,1892
2681,Music,1893
2682,Music,1894
2683,Music,1895
2684,Music,1896
2685,Music,1897
2686,Music,1898
2687,Music,1899
2688,Music,1900
2689,Music,1901
2690,Music,1902
2691,Music,1903
2692,Music,1904
2693,Music,1905
2694,Music,1906
2695,Music,1907
2696,Music,1908
2697,Music,1909
2698,Music,1910
2699,Music,1911
2700,Music,1912
2701,Music,1913
2702,Music,1914
2703,Music,1915
2704,Music,1916
2705,Brazilian Music,1916
2706,Music,1917
2707,Music,1918
2708,Music,1919
2709,Music,1920
2710,Music,1921
2711,Brazilian Music,1921
2712,Music,1922
2713,Music,1923
2714,Music,1924
2715,Music,1925
2716,Music,1926
2717,Music,1927
2718,Music,1928
2719,Brazilian Music,1928
2720,Music,1929
2721,Music,1930
2722,Music,1931
2723,Music,1932
2724,Music,1933
2725,Music,1934
2726,Music,1935
2727,Music,1936
2728,Music,1937
2729,Music,1938
2730,Music,1939
2731,Music,1940
2732,Music,1941
2733,Music,1942
2734,Heavy Metal Classic,1942
2735,Music,1943
2736,Music,1944
2737,Music,1945
2738,Heavy Metal Classic,1945
2739,Music,1946
2740,Music,1947
2741,Music,1948
2742,Music,1949
2743,Music,1950
2744,Music,1951
2745,Music,1952
2746,Music,1953
2747,Music,1954
2748,Music,1955
2749,Music,1956
2750,Music,1957
2751,Music,1958
2752,Music,1959
2753,Music,1960
2754,Music,1961
2755,Music,1962
2756,Music,1963
2757,Music,1964
2758,Music,1965
2759,Music,1966
2760,Music,1967
2761,Music,1968
2762,Music,1969
2763,90’s Music,1969
2764,Music,1970
2765,90’s Music,1970
2766,Music,1971
2767,90’s Music,1971
2768,Music,1972
2769,90’s Music,1972
2770,Music,1973
2771,90’s Music,1973
2772,Music,1974
2773,90’s Music,1974
2774,Music,1975
2775,90’s Music,1975
2776,Music,1976
2777,90’s Music,1976
2778,Music,1977
2779,90’s Music,1977
2780,Music,1978
2781,90’s Music,1978
2782,Music,1979
2783,90’s Music,1979
2784,Music,1980
2785,90’s Music,1980
2786,Music,1981
2787,90’s Music,1981
2788,Music,1982
2789,90’s Music,1982
2790,Music,1983
2791,90’s Music,1983
2792,Music,1984
2793,90’s Music,1984
2794,Heavy Metal Classic,1984
2795,Music,1985
2796,90’s Music,1985
2797,Music,1986
2798,90’s Music,1986
2799,Music,1987
2800,90’s Music,1987
2801,Music,1988
2802,90’s Music,1988
2803,Music,1989
2804,90’s Music,1989
2805,Music,1990
2806,90’s Music,1990
2807,Music,1991
2808,90’s Music,1991
2809,Music,1992
2810,90’s Music,1992
2811,Music,1993
2812,90’s Music,1993
2813,Music,1994
2814,90’s Music,1994
2815,Music,1995
2816,90’s Music,1995
2817,Music,1996
2818,90’s Music,1996
2819,Music,1997
2820,90’s Music,1997
2821,Music,1998
2822,90’s Music,1998
2823,Music,1999
2824,90’s Music,1999
2825,Music,2000
2826,90’s Music,2000
2827,Music,2001
2828,90’s Music,2001
2829,Music,2002
2830,90’s Music,2002
2831,Music,2003
2832,90’s Music,2003
2833,Grunge,2003
2834,Music,2004
2835,90’s Music,2004
2836,Grunge,2004
2837,Music,2005
2838,90’s Music,2005
2839,Grunge,2005
2840,Music,2006
2841,90’s Music,2006
2842,Music,2007
2843,90’s Music,2007
2844,Grunge,2007
2845,Music,2008
2846,90’s Music,2008
2847,Music,2009
2848,90’s Music,2009
2849,Music,2010
2850,90’s Music,2010
2851,Grunge,2010
2852,Music,2011
2853,90’s Music,2011
2854,Music,2012
2855,90’s Music,2012
2856,Music,2013
2857,90’s Music,2013
2858,Grunge,2013
2859,Music,2014
2860,90’s Music,2014
2861,Music,2015
2862,Music,2016
2863,Music,2017
2864,Music,2018
2865,Music,2019
2866,Music,2020
2867,Music,2021
2868,Music,2022
2869,Music,2023
2870,Music,2024
2871,Music,2025
2872,Music,2026
2873,Music,2027
2874,Music,2028
2875,Music,2029
2876,Music,2030
2877,Music,2031
2878,Music,2032
2879,Music,2033
2880,Music,2034
2881,Music,2035
2882,Music,2036
2883,Music,2037
2884,Music,2038
2885,Music,2039
2886,Music,2040
2887,Music,2041
2888,Music,2042
2889,Music,2043
2890,Music,2044
2891,90’s Music,2044
2892,Music,2045
2893,90’s Music,2045
2894,Music,2046
2895,90’s Music,2046
2896,Music,2047
2897,90’s Music,2047
2898,Music,2048
2899,90’s Music,2048
2900,Music,2049
2901,90’s Music,2049
2902,Music,2050
2903,90’s Music,2050
2904,Music,2051
2905,90’s Music,2051
2906,Music,2052
2907,90’s Music,2052
2908,Music,2053
2909,90’s Music,2053
2910,Music,2054
2911,90’s Music,2054
2912,Music,2055
2913,90’s Music,2055
2914,Music,2056
2915,90’s Music,2056
2916,Music,2057
2917,90’s Music,2057
2918,Music,2058
2919,90’s Music,2058
2920,Music,2059
2921,90’s Music,2059
2922,Music,2060
2923,90’s Music,2060
2924,Music,2061
2925,90’s Music,2061
2926,Music,2062
2927,90’s Music,2062
2928,Music,2063
2929,90’s Music,2063
2930,Music,2064
2931,90’s Music,2064
2932,Music,2065
2933,Music,2066
2934,Music,2067
2935,Music,2068
2936,Music,2069
2937,Music,2070
2938,Music,2071
2939,Music,2072
2940,Music,2073
2941,Music,2074
2942,Music,2075
2943,Music,2076
2944,Music,2077
2945,Music,2078
2946,Music,2079
2947,Music,2080
2948,Music,2081
2949,Music,2082
2950,Music,2083
2951,Music,2084
2952,Music,2085
2953,Music,2086
2954,Music,2087
2955,Music,2088
2956,Music,2089
2957,Music,2090
2958,Music,2091
2959,Music,2092
2960,Music,2099
2961,Music,2100
2962,Music,2101
2963,Music,2102
2964,Music,2103
2965,Music,2104
2966,Music,2105
2967,Music,2106
2968,Music,2107
2969,Music,2108
2970,Music,2109
2971,Music,2110
2972,Music,2111
2973,Music,2112
2974,Music,2113
2975,90’s Music,2113
2976,Music,2114
2977,90’s Music,2114
2978,Music,2115
2979,90’s Music,2115
2980,Music,2116
2981,90’s Music,2116
2982,Music,2117
2983,90’s Music,2117
2984,Music,2118
2985,90’s Music,2118
2986,Music,2119
2987,90’s Music,2119
2988,Music,2120
2989,90’s Music,2120
2990,Music,2121
2991,90’s Music,2121
2992,Music,2122
2993,90’s Music,2122
2994,Music,2123
2995,90’s Music,2123
2996,Music,2124
2997,90’s Music,2124
2998,Music,2125
2999,90’s Music,2125
3000,Music,2126
3001,90’s Music,2126
3002,Music,2127
3003,90’s Music,2127
3004,Music,2128
3005,90’s Music,2128
3006,Music,2129
3007,90’s Music,2129
3008,Music,2130
3009,90’s Music,2130
3010,Music,2131
3011,90’s Music,2131
3012,Music,2132
3013,90’s Music,2132
3014,Music,2133
3015,90’s Music,2133
3016,Music,2134
3017,90’s Music,2134
3018,Music,2135
3019,90’s Music,2135
3020,Music,2136
3021,90’s Music,2136
3022,Music,2137
3023,90’s Music,2137
3024,Music,2138
3025,90’s Music,2138
3026,Music,2139
3027,Music,2140
3028,Music,2141
3029,Music,2142
3030,Music,2143
3031,Music,2144
3032,Music,2145
3033,Music,2146
3034,Music,2147
3035,Music,2148
3036,Music,2149
3037,90’s Music,2149
3038,Music,2150
3039,90’s Music,2150
3040,Music,2151
3041,90’s Music,2151
3042,Music,2152
3043,90’s Music,2152
3044,Music,2153
3045,90’s Music,2153
3046,Music,2154
3047,90’s Music,2154
3048,Music,2155
3049,90’s Music,2155
3050,Music,2156
3051,90’s Music,2156
3052,Music,2157
3053,90’s Music,2157
3054,Music,2158
3055,90’s Music,2158
3056,Music,2159
3057,90’s Music,2159
3058,Music,2160
3059,90’s Music,2160
3060,Music,2161
3061,90’s Music,2161
3062,Music,2162
3063,90’s Music,2162
3064,Music,2163
3065,90’s Music,2163
3066,Music,2164
3067,90’s Music,2164
3068,Music,2165
3069,Music,2166
3070,Music,2167
3071,Music,2168
3072,Music,2169
3073,Music,2170
3074,Music,2171
3075,Music,2172
3076,Music,2173
3077,Music,2174
3078,Music,2175
3079,Music,2176
3080,Music,2177
3081,Music,2178
3082,Music,2179
3083,Music,2180
3084,Music,2181
3085,Music,2182
3086,Music,2183
3087,Music,2184
3088,Music,2185
3089,Music,2186
3090,Music,2187
3091,Music,2188
3092,Music,2189
3093,Music,2190
3094,Music,2191
3095,Music,2192
3096,Music,2193
3097,90’s Music,2193
3098,Music,2194
3099,90’s Music,2194
3100,Grunge,2194
3101,Music,2195
3102,90’s Music,2195
3103,Grunge,2195
3104,Music,2196
3105,90’s Music,2196
3106,Music,2197
3107,90’s Music,2197
3108,Music,2198
3109,90’s Music,2198
3110,Grunge,2198
3111,Music,2199
3112,90’s Music,2199
3113,Music,2200
3114,90’s Music,2200
3115,Music,2201
3116,90’s Music,2201
3117,Music,2202
3118,90’s Music,2202
3119,Music,2203
3120,90’s Music,2203
3121,Music,2204
3122,90’s Music,2204
3123,Music,2205
3124,90’s Music,2205
3125,Music,2206
3126,90’s Music,2206
3127,Grunge,2206
3128,Music,2207
3129,90’s Music,2207
3130,Music,2208
3131,90’s Music,2208
3132,Music,2209
3133,90’s Music,2209
3134,Music,2210
3135,90’s Music,2210
3136,Music,2211
3137,90’s Music,2211
3138,Music,2212
3139,90’s Music,2212
3140,Music,2213
3141,90’s Music,2213
3142,Music,2214
3143,90’s Music,2214
3144,Music,2215
3145,90’s Music,2215
3146,Music,2216
3147,Music,2217
3148,Music,2218
3149,Music,2219
3150,Music,2220
3151,Music,2221
3152,Music,2222
3153,Music,2223
3154,Music,2224
3155,Music,2225
3156,Music,2226
3157,Music,2227
3158,Music,2228
3159,Music,2229
3160,Music,2230
3161,Music,2231
3162,Music,2232
3163,Music,2233
3164,Music,2234
3165,Music,2235
3166,Music,2236
3167,Music,2237
3168,Music,2238
3169,90’s Music,2238
3170,Music,2239
3171,90’s Music,2239
3172,Music,2240
3173,90’s Music,2240
3174,Music,2241
3175,90’s Music,2241
3176,Music,2242
3177,90’s Music,2242
3178,Music,2243
3179,90’s Music,2243
3180,Music,2244
3181,90’s Music,2244
3182,Music,2245
3183,90’s Music,2245
3184,Music,2246
3185,90’s Music,2246
3186,Music,2247
3187,90’s Music,2247
3188,Music,2248
3189,90’s Music,2248
3190,Music,2249
3191,90’s Music,2249
3192,Music,2250
3193,90’s Music,2250
3194,Music,2251
3195,90’s Music,2251
3196,Music,2252
3197,90’s Music,2252
3198,Music,2253
3199,90’s Music,2253
3200,Music,2254
3201,Music,2255
3202,Music,2256
3203,Music,2257
3204,Music,2258
3205,Music,2259
3206,Music,2260
3207,Music,2261
3208,Music,2262
3209,Music,2263
3210,Music,2264
3211,Music,2265
3212,Music,2266
3213,Music,2267
3214,Music,2268
3215,Music,2269
3216,Music,2270
3217,Music,2271
3218,Music,2272
3219,Music,2273
3220,Music,2274
3221,Music,2275
3222,Music,2276
3223,Music,2277
3224,Music,2278
3225,Music,2279
3226,Music,2280
3227,Music,2281
3228,Music,2282
3229,90’s Music,2282
3230,Music,2283
3231,90’s Music,2283
3232,Music,2284
3233,90’s Music,2284
3234,Music,2285
3235,Music,2286
3236,Music,2287
3237,Music,2288
3238,Music,2289
3239,Music,2290
3240,Music,2291
3241,Music,2292
3242,Music,2293
3243,Music,2294
3244,Music,2295
3245,Music,2296
3246,90’s Music,2296
3247,Music,2297
3248,90’s Music,2297
3249,Music,2298
3250,90’s Music,2298
3251,Music,2299
3252,90’s Music,2299
3253,Music,2300
3254,90’s Music,2300
3255,Music,2301
3256,90’s Music,2301
3257,Music,2302
3258,90’s Music,2302
3259,Music,2303
3260,90’s Music,2303
3261,Music,2304
3262,90’s Music,2304
3263,Music,2305
3264,90’s Music,2305
3265,Music,2306
3266,90’s Music,2306
3267,Music,2307
3268,90’s Music,2307
3269,Music,2308
3270,90’s Music,2308
3271,Music,2309
3272,90’s Music,2309
3273,Music,2310
3274,90’s Music,2310
3275,Music,2311
3276,90’s Music,2311
3277,Music,2312
3278,90’s Music,2312
3279,Music,2313
3280,90’s Music,2313
3281,Music,2314
3282,90’s Music,2314
3283,Music,2315
3284,90’s Music,2315
3285,Music,2316
3286,90’s Music,2316
3287,Music,2317
3288,90’s Music,2317
3289,Music,2318
3290,Music,2319
3291,Music,2320
3292,Music,2321
3293,Music,2322
3294,Music,2323
3295,Music,2324
3296,Music,2325
3297,Music,2326
3298,Music,2327
3299,Music,2328
3300,Music,2329
3301,Music,2330
3302,Music,2331
3303,Music,2332
3304,Music,2333
3305,Music,2334
3306,90’s Music,2334
3307,Music,2335
3308,90’s Music,2335
3309,Music,2336
3310,90’s Music,2336
3311,Music,2337
3312,90’s Music,2337
3313,Music,2338
3314,90’s Music,2338
3315,Music,2339
3316,90’s Music,2339
3317,Music,2340
3318,90’s Music,2340
3319,Music,2341
3320,90’s Music,2341
3321,Music,2342
3322,90’s Music,2342
3323,Music,2343
3324,90’s Music,2343
3325,Music,2344
3326,Music,2345
3327,Music,2346
3328,Music,2347
3329,Music,2348
3330,Music,2349
3331,Music,2350
3332,Music,2351
3333,Music,2352
3334,Music,2353
3335,Music,2354
3336,Music,2355
3337,Music,2356
3338,Music,2357
3339,Music,2358
3340,90’s Music,2358
3341,Music,2359
3342,90’s Music,2359
3343,Music,2360
3344,90’s Music,2360
3345,Music,2361
3346,90’s Music,2361
3347,Music,2362
3348,90’s Music,2362
3349,Music,2363
3350,90’s Music,2363
3351,Music,2364
3352,90’s Music,2364
3353,Music,2365
3354,90’s Music,2365
3355,Music,2366
3356,90’s Music,2366
3357,Music,2367
3358,90’s Music,2367
3359,Music,2368
3360,90’s Music,2368
3361,Music,2369
3362,90’s Music,2369
3363,Music,2370
3364,90’s Music,2370
3365,Music,2371
3366,90’s Music,2371
3367,Music,2372
3368,90’s Music,2372
3369,Music,2373
3370,90’s Music,2373
3371,Music,2374
3372,90’s Music,2374
3373,Music,2375
3374,Music,2376
3375,Music,2377
3376,Music,2378
3377,Music,2379
3378,Music,2380
3379,Music,2381
3380,Music,2382
3381,Music,2383
3382,Music,2384
3383,Music,2385
3384,Music,2386
3385,Music,2387
3386,Music,2388
3387,Music,2389
3388,Music,2390
3389,Music,2391
3390,90’s Music,2391
3391,Music,2392
3392,90’s Music,2392
3393,Music,2393
3394,90’s Music,2393
3395,Music,2394
3396,90’s Music,2394
3397,Music,2395
3398,90’s Music,2395
3399,Music,2396
3400,90’s Music,2396
3401,Music,2397
3402,90’s Music,2397
3403,Music,2398
3404,90’s Music,2398
3405,Music,2399
3406,90’s Music,2399
3407,Music,2400
3408,90’s Music,2400
3409,Music,2401
3410,90’s Music,2401
3411,Music,2402
3412,90’s Music,2402
3413,Music,2403
3414,90’s Music,2403
3415,Music,2404
3416,90’s Music,2404
3417,Music,2405
3418,90’s Music,2405
3419,Music,2406
3420,90’s Music,2406
3421,Music,2407
3422,90’s Music,2407
3423,Music,2408
3424,90’s Music,2408
3425,Music,2409
3426,90’s Music,2409
3427,Music,2410
3428,90’s Music,2410
3429,Music,2411
3430,90’s Music,2411
3431,Music,2412
3432,90’s Music,2412
3433,Music,2413
3434,90’s Music,2413
3435,Music,2414
3436,90’s Music,2414
3437,Music,2415
3438,90’s Music,2415
3439,Music,2416
3440,90’s Music,2416
3441,Music,2417
3442,90’s Music,2417
3443,Music,2418
3444,90’s Music,2418
3445,Music,2419
3446,90’s Music,2419
3447,Music,2420
3448,90’s Music,2420
3449,Music,2421
3450,90’s Music,2421
3451,Music,2422
3452,90’s Music,2422
3453,Music,2423
3454,90’s Music,2423
3455,Music,2424
3456,90’s Music,2424
3457,Music,2425
3458,90’s Music,2425
3459,Music,2426
3460,90’s Music,2426
3461,Music,2427
3462,90’s Music,2427
3463,Music,2428
3464,Music,2429
3465,Music,2430
3466,Music,2431
3467,Music,2432
3468,Music,2433
3469,Music,2434
3470,90’s Music,2434
3471,Music,2435
3472,90’s Music,2435
3473,Music,2436
3474,90’s Music,2436
3475,Music,2437
3476,90’s Music,2437
3477,Music,2438
3478,90’s Music,2438
3479,Music,2439
3480,90’s Music,2439
3481,Music,2440
3482,90’s Music,2440
3483,Music,2441
3484,90’s Music,2441
3485,Music,2442
3486,90’s Music,2442
3487,Music,2443
3488,90’s Music,2443
3489,Music,2444
3490,90’s Music,2444
3491,Music,2445
3492,90’s Music,2445
3493,Music,2446
3494,90’s Music,2446
3495,Music,2447
3496,90’s Music,2447
3497,Music,2448
3498,90’s Music,2448
3499,Music,2449
3500,Music,2450
3501,Music,2451
3502,Music,2452
3503,Music,2453
3504,Music,2454
3505,Music,2455
3506,Music,2456
3507,Music,2457
3508,Music,2458
3509,Music,2459
3510,Music,2460
3511,Music,2461
3512,90’s Music,2461
3513,Music,2462
3514,90’s Music,2462
3515,Music,2463
3516,90’s Music,2463
3517,Music,2464
3518,90’s Music,2464
3519,Music,2465
3520,90’s Music,2465
3521,Music,2466
3522,90’s Music,2466
3523,Music,2467
3524,90’s Music,2467
3525,Music,2468
3526,90’s Music,2468
3527,Music,2469
3528,90’s Music,2469
3529,Music,2470
3530,90’s Music,2470
3531,Music,2471
3532,90’s Music,2471
3533,Music,2472
3534,Music,2473
3535,Music,2474
3536,Music,2475
3537,Music,2476
3538,90’s Music,2476
3539,Music,2477
3540,Music,2478
3541,90’s Music,2478
3542,Music,2479
3543,Music,2480
3544,Music,2481
3545,Music,2482
3546,Music,2483
3547,Music,2484
3548,90’s Music,2484
3549,Music,2485
3550,Music,2486
3551,Music,2487
3552,Music,2488
3553,90’s Music,2488
3554,Music,2489
3555,90’s Music,2489
3556,Music,2490
3557,90’s Music,2490
3558,Music,2491
3559,90’s Music,2491
3560,Music,2492
3561,90’s Music,2492
3562,Music,2493
3563,90’s Music,2493
3564,Music,2494
3565,90’s Music,2494
3566,Music,2495
3567,90’s Music,2495
3568,Music,2496
3569,90’s Music,2496
3570,Music,2497
3571,90’s Music,2497
3572,Music,2498
3573,90’s Music,2498
3574,Music,2499
3575,90’s Music,2499
3576,Music,2500
3577,90’s Music,2500
3578,Music,2501
3579,90’s Music,2501
3580,Music,2502
3581,Music,2503
3582,Music,2504
3583,Music,2505
3584,Music,2506
3585,90’s Music,2506
3586,Music,2507
3587,Music,2508
3588,Music,2509
3589,Music,2510
3590,Music,2511
3591,90’s Music,2511
3592,Music,2512
3593,90’s Music,2512
3594,Grunge,2512
3595,Music,2513
3596,90’s Music,2513
3597,Music,2514
3598,90’s Music,2514
3599,Music,2515
3600,90’s Music,2515
3601,Music,2516
3602,90’s Music,2516
3603,Grunge,2516
3604,Music,2517
3605,90’s Music,2517
3606,Music,2518
3607,90’s Music,2518
3608,Music,2519
3609,90’s Music,2519
3610,Music,2520
3611,90’s Music,2520
3612,Music,2521
3613,90’s Music,2521
3614,Music,2522
3615,90’s Music,2522
3616,Music,2523
3617,Music,2524
3618,Music,2525
3619,Music,2526
3620,Music,2527
3621,Music,2528
3622,Music,2529
3623,Music,2530
3624,Music,2531
3625,Music,2532
3626,Music,2533
3627,Music,2534
3628,Music,2535
3629,Music,2536
3630,Music,2537
3631,Music,2538
3632,Music,2539
3633,Music,2540
3634,Music,2541
3635,Music,2542
3636,90’s Music,2542
3637,Music,2543
3638,90’s Music,2543
3639,Music,2544
3640,90’s Music,2544
3641,Music,2545
3642,90’s Music,2545
3643,Music,2546
3644,90’s Music,2546
3645,Music,2547
3646,90’s Music,2547
3647,Music,2548
3648,90’s Music,2548
3649,Music,2549
3650,90’s Music,2549
3651,Music,2550
3652,90’s Music,2550
3653,Grunge,2550
3654,Music,2551
3655,90’s Music,2551
3656,Music,2552
3657,90’s Music,2552
3658,Music,2553
3659,90’s Music,2553
3660,Music,2554
3661,Music,2555
3662,Music,2556
3663,Music,2557
3664,Music,2558
3665,Music,2559
3666,Music,2560
3667,Music,2561
3668,Music,2562
3669,Music,2563
3670,Music,2564
3671,Music,2565
3672,90’s Music,2565
3673,Music,2566
3674,90’s Music,2566
3675,Music,2567
3676,90’s Music,2567
3677,Music,2568
3678,90’s Music,2568
3679,Music,2569
3680,90’s Music,2569
3681,Music,2570
3682,90’s Music,2570
3683,Music,2571
3684,90’s Music,2571
3685,Music,2572
3686,Music,2573
3687,Music,2574
3688,Music,2575
3689,Music,2576
3690,Music,2577
3691,Music,2578
3692,Music,2579
3693,Music,2580
3694,Music,2581
3695,Music,2582
3696,Music,2583
3697,Music,2584
3698,Music,2585
3699,Music,2586
3700,Music,2587
3701,Music,2588
3702,Music,2589
3703,Music,2590
3704,Music,2591
3705,90’s Music,2591
3706,Music,2592
3707,90’s Music,2592
3708,Music,2593
3709,90’s Music,2593
3710,Music,2594
3711,90’s Music,2594
3712,Music,2595
3713,90’s Music,2595
3714,Music,2596
3715,90’s Music,2596
3716,Music,2597
3717,90’s Music,2597
3718,Music,2598
3719,90’s Music,2598
3720,Music,2599
3721,90’s Music,2599
3722,Music,2600
3723,90’s Music,2600
3724,Music,2601
3725,90’s Music,2601
3726,Music,2602
3727,90’s Music,2602
3728,Music,2603
3729,90’s Music,2603
3730,Music,2604
3731,90’s Music,2604
3732,Music,2605
3733,90’s Music,2605
3734,Music,2606
3735,90’s Music,2606
3736,Music,2607
3737,90’s Music,2607
3738,Music,2608
3739,90’s Music,2608
3740,Music,2609
3741,Music,2610
3742,Music,2611
3743,Music,2612
3744,Music,2613
3745,Music,2614
3746,Music,2615
3747,Music,2616
3748,Music,2617
3749,Music,2618
3750,Music,2619
3751,Music,2620
3752,Music,2621
3753,Music,2622
3754,Music,2623
3755,Music,2624
3756,Music,2625
3757,90’s Music,2625
3758,Music,2626
3759,Music,2627
3760,90’s Music,2627
3761,Music,2628
3762,Music,2629
3763,Music,2630
3764,Music,2631
3765,90’s Music,2631
3766,Music,2632
3767,Music,2633
3768,Music,2634
3769,Music,2635
3770,Music,2636
3771,Music,2637
3772,Music,2638
3773,90’s Music,2638
3774,Music,2639
3775,Music,2640
3776,Music,2641
3777,Music,2642
3778,Music,2643
3779,Music,2644
3780,Music,2645
3781,Music,2646
3782,Music,2647
3783,Music,2648
3784,Music,2649
3785,Music,2650
3786,90’s Music,2650
3787,Music,2651
3788,90’s Music,2651
3789,Music,2652
3790,90’s Music,2652
3791,Music,2653
3792,90’s Music,2653
3793,Music,2654
3794,90’s Music,2654
3795,Music,2655
3796,90’s Music,2655
3797,Music,2656
3798,90’s Music,2656
3799,Music,2657
3800,90’s Music,2657
3801,Music,2658
3802,90’s Music,2658
3803,Music,2659
3804,90’s Music,2659
3805,Music,2660
3806,90’s Music,2660
3807,Music,2661
3808,90’s Music,2661
3809,Music,2662
3810,90’s Music,2662
3811,Music,2663
3812,90’s Music,2663
3813,Music,2664
3814,Music,2665
3815,Music,2666
3816,Music,2667
3817,Music,2668
3818,Music,2669
3819,Music,2670
3820,Music,2671
3821,Music,2672
3822,Music,2673
3823,Music,2674
3824,Music,2675
3825,Music,2676
3826,90’s Music,2676
3827,Music,2677
3828,90’s Music,2677
3829,Music,2678
3830,90’s Music,2678
3831,Music,2679
3832,90’s Music,2679
3833,Music,2680
3834,90’s Music,2680
3835,Music,2681
3836,90’s Music,2681
3837,Music,2682
3838,90’s Music,2682
3839,Music,2683
3840,90’s Music,2683
3841,Music,2684
3842,90’s Music,2684
3843,Music,2685
3844,90’s Music,2685
3845,Music,2686
3846,90’s Music,2686
3847,Music,2687
3848,90’s Music,2687
3849,Music,2688
3850,90’s Music,2688
3851,Music,2689
3852,90’s Music,2689
3853,Music,2690
3854,90’s Music,2690
3855,Music,2691
3856,90’s Music,2691
3857,Music,2692
3858,90’s Music,2692
3859,Music,2693
3860,90’s Music,2693
3861,Music,2694
3862,90’s Music,2694
3863,Music,2695
3864,90’s Music,2695
3865,Music,2696
3866,90’s Music,2696
3867,Music,2697
3868,90’s Music,2697
3869,Music,2698
3870,90’s Music,2698
3871,Music,2699
3872,90’s Music,2699
3873,Music,2700
3874,90’s Music,2700
3875,Music,2701
3876,90’s Music,2701
3877,Music,2702
3878,90’s Music,2702
3879,Music,2703
3880,90’s Music,2703
3881,Music,2704
3882,90’s Music,2704
3883,Music,2705
3884,Music,2706
3885,90’s Music,2706
3886,Music,2707
3887,90’s Music,2707
3888,Music,2708
3889,90’s Music,2708
3890,Music,2709
3891,90’s Music,2709
3892,Music,2710
3893,90’s Music,2710
3894,Music,2711
3895,90’s Music,2711
3896,Music,2712
3897,90’s Music,2712
3898,Music,2713
3899,90’s Music,2713
3900,Music,2714
3901,90’s Music,2714
3902,Music,2715
3903,90’s Music,2715
3904,Music,2716
3905,90’s Music,2716
3906,Music,2717
3907,90’s Music,2717
3908,Music,2718
3909,90’s Music,2718
3910,Music,2719
3911,Music,2720
3912,90’s Music,2720
3913,Music,2721
3914,90’s Music,2721
3915,Music,2722
3916,90’s Music,2722
3917,Music,2723
3918,90’s Music,2723
3919,Music,2724
3920,90’s Music,2724
3921,Music,2725
3922,90’s Music,2725
3923,Music,2726
3924,90’s Music,2726
3925,Music,2727
3926,90’s Music,2727
3927,Music,2728
3928,90’s Music,2728
3929,Music,2729
3930,90’s Music,2729
3931,Music,2730
3932,90’s Music,2730
3933,Music,2731
3934,Music,2732
3935,Music,2733
3936,Music,2734
3937,Music,2735
3938,Music,2736
3939,Music,2737
3940,Music,2738
3941,Music,2739
3942,Music,2740
3943,Music,2741
3944,Music,2742
3945,Music,2743
3946,Music,2744
3947,Music,2745
3948,Music,2746
3949,Music,2747
3950,Music,2748
3951,Music,2749
3952,Music,2750
3953,Music,2751
3954,Music,2752
3955,Brazilian Music,2752
3956,Music,2753
3957,Brazilian Music,2753
3958,Music,2754
3959,Brazilian Music,2754
3960,Music,2755
3961,Music,2756
3962,Music,2757
3963,Music,2758
3964,Brazilian Music,2758
3965,Music,2759
3966,Music,2760
3967,Music,2761
3968,Music,2762
3969,Music,2763
3970,Music,2764
3971,Music,2765
3972,Music,2766
3973,Music,2767
3974,Brazilian Music,2767
3975,Music,2768
3976,Brazilian Music,2768
3977,Music,2769
3978,Brazilian Music,2769
3979,Music,2770
3980,Music,2771
3981,Music,2772
3982,Music,2773
3983,Music,2774
3984,Music,2775
3985,Music,2776
3986,Music,2777
3987,Music,2778
3988,Music,2779
3989,Music,2780
3990,Music,2781
3991,90’s Music,2781
3992,Music,2782
3993,90’s Music,2782
3994,Music,2783
3995,90’s Music,2783
3996,Music,2784
3997,90’s Music,2784
3998,Music,2785
3999,90’s Music,2785
4000,Music,2786
4001,90’s Music,2786
4002,Music,2787
4003,90’s Music,2787
4004,Music,2788
4005,90’s Music,2788
4006,Music,2789
4007,90’s Music,2789
4008,Music,2790
4009,90’s Music,2790
4010,Music,2791
4011,90’s Music,2791
4012,Music,2792
4013,90’s Music,2792
4014,Music,2793
4015,90’s Music,2793
4016,Music,2794
4017,90’s Music,2794
4018,Music,2795
4019,90’s Music,2795
4020,Music,2796
4021,90’s Music,2796
4022,Music,2797
4023,90’s Music,2797
4024,Music,2798
4025,90’s Music,2798
4026,Music,2799
4027,90’s Music,2799
4028,Music,2800
4029,90’s Music,2800
4030,Music,2801
4031,90’s Music,2801
4032,Music,2802
4033,90’s Music,2802
4034,Music,2803
4035,90’s Music,2803
4036,Music,2804
4037,90’s Music,2804
4038,Music,2805
4039,90’s Music,2805
4040,Music,2806
4041,90’s Music,2806
4042,Music,2807
4043,90’s Music,2807
4044,Music,2808
4045,90’s Music,2808
4046,Music,2809
4047,90’s Music,2809
4048,Music,2810
4049,90’s Music,2810
4050,Music,2811
4051,90’s Music,2811
4052,Music,2812
4053,90’s Music,2812
4054,Music,2813
4055,90’s Music,2813
4056,Music,2814
4057,90’s Music,2814
4058,Music,2815
4059,90’s Music,2815
4060,Music,2816
4061,90’s Music,2816
4062,Music,2817
4063,90’s Music,2817
4064,Music,2818
4065,90’s Music,2818
4066,Music,2926
4067,90’s Music,2926
4068,Music,2927
4069,90’s Music,2927
4070,Music,2928
4071,90’s Music,2928
4072,Music,2929
4073,90’s Music,2929
4074,Music,2930
4075,90’s Music,2930
4076,Music,2931
4077,90’s Music,2931
4078,Music,2932
4079,90’s Music,2932
4080,Music,2933
4081,90’s Music,2933
4082,Music,2934
4083,90’s Music,2934
4084,Music,2935
4085,90’s Music,2935
4086,Music,2936
4087,90’s Music,2936
4088,Music,2937
4089,90’s Music,2937
4090,Music,2938
4091,Music,2939
4092,Music,2940
4093,Music,2941
4094,Music,2942
4095,Music,2943
4096,Music,2944
4097,Music,2945
4098,Music,2946
4099,Music,2947
4100,Music,2948
4101,Music,2949
4102,90’s Music,2949
4103,Music,2950
4104,90’s Music,2950
4105,Music,2951
4106,90’s Music,2951
4107,Music,2952
4108,90’s Music,2952
4109,Music,2953
4110,90’s Music,2953
4111,Music,2954
4112,90’s Music,2954
4113,Music,2955
4114,90’s Music,2955
4115,Music,2956
4116,90’s Music,2956
4117,Music,2957
4118,90’s Music,2957
4119,Music,2958
4120,90’s Music,2958
4121,Music,2959
4122,90’s Music,2959
4123,Music,2960
4124,90’s Music,2960
4125,Music,2961
4126,90’s Music,2961
4127,Music,2962
4128,90’s Music,2962
4129,Music,2963
4130,90’s Music,2963
4131,Music,2964
4132,Music,2965
4133,Music,2966
4134,Music,2967
4135,Music,2968
4136,Music,2969
4137,Music,2970
4138,Music,2971
4139,Music,2972
4140,Music,2973
4141,Music,2974
4142,Music,2975
4143,90’s Music,2975
4144,Music,2976
4145,90’s Music,2976
4146,Music,2977
4147,90’s Music,2977
4148,Music,2978
4149,90’s Music,2978
4150,Music,2979
4151,90’s Music,2979
4152,Music,2980
4153,90’s Music,2980
4154,Music,2981
4155,90’s Music,2981
4156,Music,2982
4157,90’s Music,2982
4158,Music,2983
4159,90’s Music,2983
4160,Music,2984
4161,90’s Music,2984
4162,Music,2985
4163,90’s Music,2985
4164,Music,2986
4165,90’s Music,2986
4166,Music,2987
4167,Music,2988
4168,Music,2989
4169,Music,2990
4170,Music,2991
4171,Music,2992
4172,Music,2993
4173,Music,2994
4174,Music,2995
4175,Music,2996
4176,Music,2997
4177,Music,2998
4178,Music,2999
4179,Music,3000
4180,Music,3001
4181,Music,3002
4182,Music,3003
4183,Music,3004
4184,90’s Music,3004
4185,Music,3005
4186,90’s Music,3005
4187,Music,3006
4188,90’s Music,3006
4189,Music,3007
4190,90’s Music,3007
4191,Music,3008
4192,90’s Music,3008
4193,Music,3009
4194,90’s Music,3009
4195,Music,3010
4196,90’s Music,3010
4197,Music,3011
4198,90’s Music,3011
4199,Music,3012
4200,90’s Music,3012
4201,Music,3013
4202,90’s Music,3013
4203,Music,3014
4204,90’s Music,3014
4205,Music,3015
4206,90’s Music,3015
4207,Music,3016
4208,90’s Music,3016
4209,Music,3017
4210,90’s Music,3017
4211,Music,3018
4212,Music,3019
4213,Music,3020
4214,Music,3021
4215,Music,3022
4216,Music,3023
4217,Music,3024
4218,Music,3025
4219,Music,3026
4220,Music,3027
4221,Music,3028
4222,90’s Music,3028
4223,Music,3029
4224,90’s Music,3029
4225,Music,3030
4226,90’s Music,3030
4227,Music,3031
4228,90’s Music,3031
4229,Music,3032
4230,90’s Music,3032
4231,Music,3033
4232,90’s Music,3033
4233,Music,3034
4234,90’s Music,3034
4235,Music,3035
4236,90’s Music,3035
4237,Music,3036
4238,90’s Music,3036
4239,Music,3037
4240,90’s Music,3037
4241,Music,3038
4242,90’s Music,3038
4243,Music,3039
4244,90’s Music,3039
4245,Music,3040
4246,90’s Music,3040
4247,Music,3041
4248,90’s Music,3041
4249,Music,3042
4250,90’s Music,3042
4251,Music,3043
4252,90’s Music,3043
4253,Music,3044
4254,90’s Music,3044
4255,Music,3045
4256,90’s Music,3045
4257,Music,3046
4258,90’s Music,3046
4259,Music,3047
4260,90’s Music,3047
4261,Music,3048
4262,90’s Music,3048
4263,Music,3049
4264,90’s Music,3049
4265,Music,3050
4266,90’s Music,3050
4267,Music,3051
4268,90’s Music,3051
4269,Music,3052
4270,Music,3053
4271,Music,3054
4272,Music,3055
4273,Music,3056
4274,Music,3057
4275,Music,3058
4276,Music,3059
4277,Music,3060
4278,Music,3061
4279,Music,3062
4280,Music,3063
4281,Music,3064
4282,Music,3065
4283,Music,3066
4284,Music,3067
4285,Music,3068
4286,Music,3069
4287,Music,3070
4288,Music,3071
4289,Music,3072
4290,Music,3073
4291,Music,3074
4292,Music,3075
4293,90’s Music,3075
4294,Music,3076
4295,90’s Music,3076
4296,Music,3077
4297,90’s Music,3077
4298,Music,3078
4299,90’s Music,3078
4300,Music,3079
4301,90’s Music,3079
4302,Music,3080
4303,90’s Music,3080
4304,Music,3081
4305,Music,3082
4306,Music,3083
4307,Music,3084
4308,Music,3085
4309,Music,3086
4310,Music,3087
4311,Music,3088
4312,Music,3089
4313,Music,3090
4314,Music,3091
4315,Music,3092
4316,90’s Music,3092
4317,Music,3093
4318,90’s Music,3093
4319,Music,3094
4320,90’s Music,3094
4321,Music,3095
4322,90’s Music,3095
4323,Music,3096
4324,90’s Music,3096
4325,Music,3097
4326,90’s Music,3097
4327,Music,3098
4328,90’s Music,3098
4329,Music,3099
4330,90’s Music,3099
4331,Music,3100
4332,90’s Music,3100
4333,Music,3101
4334,90’s Music,3101
4335,Music,3102
4336,90’s Music,3102
4337,Music,3103
4338,90’s Music,3103
4339,Music,3104
4340,Music,3105
4341,Music,3106
4342,Music,3107
4343,Music,3108
4344,Music,3109
4345,Music,3110
4346,Music,3111
4347,Music,3112
4348,Music,3113
4349,Music,3114
4350,Music,3115
4351,Music,3116
4352,Music,3117
4353,Music,3118
4354,Music,3119
4355,Music,3120
4356,Music,3121
4357,Music,3122
4358,Music,3123
4359,Music,3124
4360,Music,3125
4361,Music,3126
4362,Music,3127
4363,Music,3128
4364,Music,3129
4365,Music,3130
4366,Music,3131
4367,Music,3132
4368,90’s Music,3132
4369,Music,3133
4370,90’s Music,3133
4371,Music,3134
4372,90’s Music,3134
4373,Music,3135
4374,90’s Music,3135
4375,Music,3136
4376,90’s Music,3136
4377,Music,3137
4378,90’s Music,3137
4379,Music,3138
4380,90’s Music,3138
4381,Music,3139
4382,90’s Music,3139
4383,Music,3140
4384,90’s Music,3140
4385,Music,3141
4386,90’s Music,3141
4387,Music,3142
4388,90’s Music,3142
4389,Music,3143
4390,90’s Music,3143
4391,Music,3144
4392,90’s Music,3144
4393,Music,3145
4394,90’s Music,3145
4395,Music,3146
4396,90’s Music,3146
4397,Music,3147
4398,90’s Music,3147
4399,Music,3148
4400,90’s Music,3148
4401,Music,3149
4402,90’s Music,3149
4403,Music,3150
4404,90’s Music,3150
4405,Music,3151
4406,90’s Music,3151
4407,Music,3152
4408,90’s Music,3152
4409,Music,3153
4410,90’s Music,3153
4411,Music,3154
4412,90’s Music,3154
4413,Music,3155
4414,90’s Music,3155
4415,Music,3156
4416,90’s Music,3156
4417,Music,3157
4418,90’s Music,3157
4419,Music,3158
4420,90’s Music,3158
4421,Music,3159
4422,90’s Music,3159
4423,Music,3160
4424,90’s Music,3160
4425,Music,3161
4426,90’s Music,3161
4427,Music,3162
4428,90’s Music,3162
4429,Music,3163
4430,90’s Music,3163
4431,Music,3164
4432,90’s Music,3164
4433,Music,3300
4434,90’s Music,3300
4435,Music,3301
4436,90’s Music,3301
4437,Music,3302
4438,90’s Music,3302
4439,Music,3303
4440,90’s Music,3303
4441,Music,3304
4442,90’s Music,3304
4443,Music,3305
4444,90’s Music,3305
4445,Music,3306
4446,90’s Music,3306
4447,Music,3307
4448,90’s Music,3307
4449,Music,3308
4450,90’s Music,3308
4451,Music,3309
4452,90’s Music,3309
4453,Music,3310
4454,90’s Music,3310
4455,Music,3311
4456,90’s Music,3311
4457,Music,3312
4458,90’s Music,3312
4459,Music,3313
4460,90’s Music,3313
4461,Music,3314
4462,90’s Music,3314
4463,Music,3315
4464,90’s Music,3315
4465,Music,3316
4466,90’s Music,3316
4467,Music,3317
4468,90’s Music,3317
4469,Music,3318
4470,90’s Music,3318
4471,Music,3319
4472,Music,3320
4473,Music,3321
4474,Music,3322
4475,Music,3323
4476,Music,3324
4477,Music,3325
4478,Music,3326
4479,Music,3327
4480,Music,3328
4481,Music,3329
4482,Music,3330
4483,Music,3331
4484,Music,3332
4485,Music,3333
4486,Music,3334
4487,Music,3335
4488,Music,2
4489,Heavy Metal Classic,2
4490,Music,3
4491,90’s Music,3
4492,Heavy Metal Classic,3
4493,Music,4
4494,90’s Music,4
4495,Heavy Metal Classic,4
4496,Music,5
4497,90’s Music,5
4498,Heavy Metal Classic,5
4499,Music,1146
4500,Music,1147
4501,Music,1148
4502,Music,1149
4503,Music,1150
4504,Music,1151
4505,Music,1152
4506,Music,1153
4507,Music,1154
4508,Music,1155
4509,Music,1156
4510,Music,1157
4511,Music,1158
4512,90’s Music,1158
4513,Music,1159
4514,90’s Music,1159
4515,Music,1160
4516,90’s Music,1160
4517,Music,1161
4518,90’s Music,1161
4519,Music,1162
4520,90’s Music,1162
4521,Music,1163
4522,90’s Music,1163
4523,Music,1164
4524,90’s Music,1164
4525,Music,1165
4526,90’s Music,1165
4527,Music,1166
4528,90’s Music,1166
4529,Music,1167
4530,90’s Music,1167
4531,Music,1168
4532,90’s Music,1168
4533,Music,1169
4534,90’s Music,1169
4535,Music,1170
4536,90’s Music,1170
4537,Music,1171
4538,90’s Music,1171
4539,Music,1172
4540,90’s Music,1172
4541,Music,1173
4542,90’s Music,1173
4543,Music,1201
4544,Music,1202
4545,Music,1203
4546,Music,1204
4547,Music,1205
4548,Music,1206
4549,Music,1207
4550,Music,1208
4551,Music,1209
4552,Music,1210
4553,Music,1211
4554,Music,1496
4555,90’s Music,1496
4556,Music,1497
4557,90’s Music,1497
4558,Music,1498
4559,90’s Music,1498
4560,Music,1499
4561,90’s Music,1499
4562,Music,1500
4563,90’s Music,1500
4564,Music,1501
4565,90’s Music,1501
4566,Music,1502
4567,90’s Music,1502
4568,Music,1503
4569,90’s Music,1503
4570,Music,1504
4571,90’s Music,1504
4572,Music,1505
4573,90’s Music,1505
4574,Music,2093
4575,Music,2094
4576,Heavy Metal Classic,2094
4577,Music,2095
4578,Heavy Metal Classic,2095
4579,Music,2096
4580,Heavy Metal Classic,2096
4581,Music,2097
4582,Music,2098
4583,Music,3225
4584,90’s Music,3225
4585,Music,3253
4586,Music,3254
4587,Music,3255
4588,Music,3256
4589,Music,3257
4590,Music,3258
4591,Music,3259
4592,Music,3260
4593,Music,3261
4594,Music,3262
4595,Music,3263
4596,Music,3264
4597,Music,3265
4598,Music,3266
4599,Music,3267
4600,Music,3268
4601,Music,3269
4602,Music,3270
4603,Music,3271
4604,Music,3272
4605,Music,3273
4606,Music,3274
4607,Music,3275
4608,Music,3276
4609,90’s Music,3276
4610,Music,3277
4611,90’s Music,3277
4612,Music,3278
4613,90’s Music,3278
4614,Music,3279
4615,90’s Music,3279
4616,Music,3280
4617,90’s Music,3280
4618,Music,3281
4619,90’s Music,3281
4620,Music,3282
4621,90’s Music,3282
4622,Music,3283
4623,90’s Music,3283
4624,Music,3284
4625,90’s Music,3284
4626,Music,3285
4627,90’s Music,3285
4628,Music,3286
4629,90’s Music,3286
4630,Music,3287
4631,90’s Music,3287
4632,Music,3288
4633,Music,3289
4634,Music,3290
4635,Heavy Metal Classic,3290
4636,Music,3291
4637,Music,3292
4638,Music,3293
4639,Music,3294
4640,Music,3295
4641,Music,3296
4642,Music,3297
4643,Music,3298
4644,Music,3299
4645,Music,3365
4646,90’s Music,3365
4647,Music,3366
4648,90’s Music,3366
4649,Music,3367
4650,90’s Music,3367
4651,Grunge,3367
4652,Music,3368
4653,90’s Music,3368
4654,Music,3369
4655,90’s Music,3369
4656,Music,3370
4657,90’s Music,3370
4658,Music,3371
4659,90’s Music,3371
4660,Music,3372
4661,90’s Music,3372
4662,Music,3373
4663,90’s Music,3373
4664,Music,3374
4665,90’s Music,3374
4666,Music,3375
4667,Music,3376
4668,Music,3377
4669,Music,3378
4670,Music,3379
4671,Music,3380
4672,Music,3381
4673,Music,3382
4674,Music,3383
4675,Music,3384
4676,Music,3385
4677,Music,3386
4678,Music,3387
4679,Music,3388
4680,Music,3389
4681,Music,3390
4682,Music,3391
4683,Music,3392
4684,Music,3393
4685,Music,3394
4686,Music,3395
4687,Music,3396
4688,Music,3397
4689,Music,3398
4690,Music,3399
4691,Music,3400
4692,Music,3401
4693,Music,3403
4694,90’s Music,3403
4695,Classical,3403
4696,Classical 101 - The Basics,3403
4697,Music,3404
4698,90’s Music,3404
4699,Classical,3404
4700,Classical 101 - The Basics,3404
4701,Music,3405
4702,Classical,3405
4703,Classical 101 - The Basics,3405
4704,Music,3406
4705,Classical,3406
4706,Classical 101 - The Basics,3406
4707,Music,3407
4708,Classical,3407
4709,Classical 101 - The Basics,3407
4710,Music,3408
4711,90’s Music,3408
4712,Classical,3408
4713,Classical 101 - The Basics,3408
4714,Music,3409
4715,90’s Music,3409
4716,Classical,3409
4717,Classical 101 - The Basics,3409
4718,Music,3410
4719,90’s Music,3410
4720,Classical,3410
4721,Classical 101 - The Basics,3410
4722,Music,3411
4723,90’s Music,3411
4724,Classical,3411
4725,Classical 101 - The Basics,3411
4726,Music,3412
4727,Classical,3412
4728,Classical 101 - The Basics,3412
4729,Music,3413
4730,Classical,3413
4731,Classical 101 - The Basics,3413
4732,Music,3415
4733,90’s Music,3415
4734,Classical,3415
4735,Classical 101 - The Basics,3415
4736,Music,3416
4737,90’s Music,3416
4738,Classical,3416
4739,Classical 101 - The Basics,3416
4740,Music,3417
4741,90’s Music,3417
4742,Classical,3417
4743,Classical 101 - The Basics,3417
4744,Music,3418
4745,90’s Music,3418
4746,Classical,3418
4747,Classical 101 - The Basics,3418
4748,Music,3419
4749,Classical,3419
4750,Classical 101 - The Basics,3419
4751,Music,3420
4752,Classical,3420
4753,Classical 101 - The Basics,3420
4754,Music,3421
4755,90’s Music,3421
4756,Classical,3421
4757,Classical 101 - The Basics,3421
4758,Music,3422
4759,Classical,3422
4760,Classical 101 - The Basics,3422
4761,Music,3423
4762,90’s Music,3423
4763,Classical,3423
4764,Classical 101 - The Basics,3423
4765,Music,3424
4766,90’s Music,3424
4767,Classical,3424
4768,Classical 101 - The Basics,3424
4769,Music,3425
4770,Classical,3425
4771,Classical 101 - The Basics,3425
4772,Music,3426
4773,90’s Music,3426
4774,Classical,3426
4775,Classical 101 - The Basics,3426
4776,Music,3427
4777,Classical,3427
4778,Classical 101 - The Basics,3427
4779,Music,3430
4780,90’s Music,3430
4781,Classical,3430
4782,Classical 101 - Next Steps,3430
4783,Music,3431
4784,Classical,3431
4785,Classical 101 - Next Steps,3431
4786,Music,3432
4787,90’s Music,3432
4788,Classical,3432
4789,Classical 101 - Next Steps,3432
4790,Music,3433
4791,Classical,3433
4792,Classical 101 - Next Steps,3433
4793,Music,3434
4794,90’s Music,3434
4795,Classical,3434
4796,Classical 101 - Next Steps,3434
4797,Music,3435
4798,90’s Music,3435
4799,Classical,3435
4800,Classical 101 - Next Steps,3435
4801,Music,3436
4802,90’s Music,3436
4803,Classical,3436
4804,Classical 101 - Next Steps,3436
4805,Music,3437
4806,90’s Music,3437
4807,Classical,3437
4808,Classical 101 - Next Steps,3437
4809,Music,3438
4810,90’s Music,3438
4811,Classical,3438
4812,Classical 101 - Next Steps,3438
4813,Music,3439
4814,90’s Music,3439
4815,Classical,3439
4816,Classical 101 - Next Steps,3439
4817,Music,3440
4818,Classical,3440
4819,Classical 101 - Next Steps,3440
4820,Music,3441
4821,Classical,3441
4822,Classical 101 - Next Steps,3441
4823,Music,3442
4824,90’s Music,3442
4825,Classical,3442
4826,Classical 101 - Next Steps,3442
4827,Music,3443
4828,Classical,3443
4829,Classical 101 - Next Steps,3443
4830,Music,3444
4831,90’s Music,3444
4832,Classical,3444
4833,Classical 101 - Next Steps,3444
4834,Music,3445
4835,90’s Music,3445
4836,Classical,3445
4837,Classical 101 - Next Steps,3445
4838,Music,3446
4839,90’s Music,3446
4840,Classical,3446
4841,Classical 101 - Next Steps,3446
4842,Music,3447
4843,90’s Music,3447
4844,Classical,3447
4845,Classical 101 - Next Steps,3447
4846,Music,3448
4847,90’s Music,3448
4848,Classical,3448
4849,Classical 101 - Next Steps,3448
4850,Music,3449
4851,90’s Music,3449
4852,Classical,3449
4853,Classical 101 - Next Steps,3449
4854,Music,3450
4855,Classical,3450
4856,Classical 101 - Next Steps,3450
4857,Music,3451
4858,90’s Music,3451
4859,Classical,3451
4860,Classical 101 - Next Steps,3451
4861,Music,3453
4862,Classical,3453
4863,Classical 101 - Next Steps,3453
4864,Music,3454
4865,90’s Music,3454
4866,Classical,3454
4867,Classical 101 - Next Steps,3454
4868,Music,3455
4869,Music,3456
4870,Music,3457
4871,Music,3458
4872,Music,3459
4873,Music,3460
4874,Music,3461
4875,Music,3462
4876,Music,3463
4877,Music,3464
4878,Music,3465
4879,Music,3466
4880,Music,3467
4881,Music,3468
4882,Music,3469
4883,Music,3470
4884,Music,3471
4885,Music,3472
4886,Music,3473
4887,Music,3474
4888,Music,3475
4889,Music,3476
4890,Music,3477
4891,Music,3478
4892,Music,3481
4893,90’s Music,3481
4894,Classical,3481
4895,Classical 101 - Deep Cuts,3481
4896,Music,3482
4897,90’s Music,3482
4898,Classical,3482
4899,Classical 101 - Deep Cuts,3482
4900,Music,3483
4901,Classical,3483
4902,Classical 101 - Deep Cuts,3483
4903,Music,3484
4904,Classical,3484
4905,Classical 101 - Deep Cuts,3484
4906,Music,3485
4907,90’s Music,3485
4908,Classical,3485
4909,Classical 101 - Deep Cuts,3485
4910,Music,3486
4911,Classical,3486
4912,Classical 101 - Deep Cuts,3486
4913,Music,3487
4914,Classical,3487
4915,Classical 101 - Deep Cuts,3487
4916,Music,3488
4917,Classical,3488
4918,Classical 101 - Deep Cuts,3488
4919,Music,3489
4920,90’s Music,3489
4921,Classical,3489
4922,Classical 101 - Deep Cuts,3489
4923,Music,3490
4924,90’s Music,3490
4925,Classical,3490
4926,Classical 101 - Deep Cuts,3490
4927,Music,3491
4928,Classical,3491
4929,Classical 101 - Deep Cuts,3491
4930,Music,3492
4931,90’s Music,3492
4932,Classical,3492
4933,Classical 101 - Deep Cuts,3492
4934,Music,3493
4935,90’s Music,3493
4936,Classical,3493
4937,Classical 101 - Deep Cuts,3493
4938,Music,3494
4939,Classical,3494
4940,Classical 101 - Deep Cuts,3494
4941,Music,3495
4942,Classical,3495
4943,Classical 101 - Deep Cuts,3495
4944,Music,3497
4945,Classical,3497
4946,Classical 101 - Deep Cuts,3497
4947,Music,3499
4948,90’s Music,3499
4949,Classical,3499
4950,Classical 101 - Deep Cuts,3499
4951,Music,3500
4952,Classical,3500
4953,Classical 101 - Deep Cuts,3500
4954,Music,3501
4955,Classical,3501
4956,Classical 101 - Deep Cuts,3501
4957,Music,3502
4958,Classical,3502
4959,Classical 101 - Deep Cuts,3502
4960,Music,3503
4961,90’s Music,3503
4962,Classical,3503
4963,Classical 101 - Deep Cuts,3503
4964,TV Shows,2819
4965,TV Shows,2820
4966,TV Shows,2821
4967,TV Shows,2822
4968,TV Shows,2823
4969,TV Shows,2824
4970,TV Shows,2825
4971,TV Shows,2826
4972,TV Shows,2827
4973,TV Shows,2828
4974,TV Shows,2829
4975,TV Shows,2830
4976,TV Shows,2831
4977,TV Shows,2832
4978,TV Shows,2833
4979,TV Shows,2834
4980,TV Shows,2835
4981,TV Shows,2836
4982,TV Shows,2837
4983,TV Shows,2838
4984,TV Shows,2839
4985,TV Shows,2840
4986,TV Shows,2841
4987,TV Shows,2842
4988,TV Shows,2843
4989,TV Shows,2844
4990,TV Shows,2845
4991,TV Shows,2846
4992,TV Shows,2847
4993,TV Shows,2848
4994,TV Shows,2849
4995,TV Shows,2850
4996,TV Shows,2851
4997,TV Shows,2852
4998,TV Shows,2853
4999,TV Shows,2854
5000,TV Shows,2855
5001,TV Shows,2856
5002,TV Shows,2857
5003,TV Shows,2858
5004,TV Shows,2859
5005,TV Shows,2860
5006,TV Shows,2861
5007,TV Shows,2862
5008,TV Shows,2863
5009,TV Shows,2864
5010,TV Shows,2865
5011,TV Shows,2866
5012,TV Shows,2867
5013,TV Shows,2868
5014,TV Shows,2869
5015,TV Shows,2870
5016,TV Shows,2871
5017,TV Shows,2872
5018,TV Shows,2873
5019,TV Shows,2874
5020,TV Shows,2875
5021,TV Shows,2876
5022,TV Shows,2877
5023,TV Shows,2878
5024,TV Shows,2879
5025,TV Shows,2880
5026,TV Shows,2881
5027,TV Shows,2882
5028,TV Shows,2883
5029,TV Shows,2884
5030,TV Shows,2885
5031,TV Shows,2886
5032,TV Shows,2887
5033,TV Shows,2888
5034,TV Shows,2889
5035,TV Shows,2890
5036,TV Shows,2891
5037,TV Shows,2892
5038,TV Shows,2893
5039,TV Shows,2894
5040,TV Shows,2895
5041,TV Shows,2896
5042,TV Shows,2897
5043,TV Shows,2898
5044,TV Shows,2899
5045,TV Shows,2900
5046,TV Shows,2901
5047,TV Shows,2902
5048,TV Shows,2903
5049,TV Shows,2904
5050,TV Shows,2905
5051,TV Shows,2906
5052,TV Shows,2907
5053,TV Shows,2908
5054,TV Shows,2909
5055,TV Shows,2910
5056,TV Shows,2911
5057,TV Shows,2912
5058,TV Shows,2913
5059,TV Shows,2914
5060,TV Shows,2915
5061,TV Shows,2916
5062,TV Shows,2917
5063,TV Shows,2918
5064,TV Shows,2919
5065,TV Shows,2920
5066,TV Shows,2921
5067,TV Shows,2922
5068,TV Shows,2923
5069,TV Shows,2924
5070,TV Shows,2925
5071,TV Shows,3165
5072,TV Shows,3166
5073,TV Shows,3167
5074,TV Shows,3168
5075,TV Shows,3169
5076,TV Shows,3170
5077,TV Shows,3171
5078,TV Shows,3172
5079,TV Shows,3173
5080,TV Shows,3174
5081,TV Shows,3175
5082,TV Shows,3176
5083,TV Shows,3177
5084,TV Shows,3178
5085,TV Shows,3179
5086,TV Shows,3180
5087,TV Shows,3181
5088,TV Shows,3182
5089,TV Shows,3183
5090,TV Shows,3184
5091,TV Shows,3185
5092,TV Shows,3186
5093,TV Shows,3187
5094,TV Shows,3188
5095,TV Shows,3189
5096,TV Shows,3190
5097,TV Shows,3191
5098,TV Shows,3192
5099,TV Shows,3193
5100,TV Shows,3194
5101,TV Shows,3195
5102,TV Shows,3196
5103,TV Shows,3197
5104,TV Shows,3198
5105,TV Shows,3199
5106,TV Shows,3200
5107,TV Shows,3201
5108,TV Shows,3202
5109,TV Shows,3203
5110,TV Shows,3204
5111,TV Shows,3205
5112,TV Shows,3206
5113,TV Shows,3207
5114,TV Shows,3208
5115,TV Shows,3209
5116,TV Shows,3210
5117,TV Shows,3211
5118,TV Shows,3212
5119,TV Shows,3213
5120,TV Shows,3214
5121,TV Shows,3215
5122,TV Shows,3216
5123,TV Shows,3217
5124,TV Shows,3218
5125,TV Shows,3219
5126,TV Shows,3220
5127,TV Shows,3221
5128,TV Shows,3222
5129,TV Shows,3223
5130,TV Shows,3224
5131,TV Shows,3226
5132,TV Shows,3227
5133,TV Shows,3228
5134,TV Shows,3229
5135,TV Shows,3230
5136,TV Shows,3231
5137,TV Shows,3232
5138,TV Shows,3233
5139,TV Shows,3234
5140,TV Shows,3235
5141,TV Shows,3236
5142,TV Shows,3237
5143,TV Shows,3238
5144,TV Shows,3239
5145,TV Shows,3240
5146,TV Shows,3241
5147,TV Shows,3242
5148,TV Shows,3243
5149,TV Shows,3244
5150,TV Shows,3245
5151,TV Shows,3246
5152,TV Shows,3247
5153,TV Shows,3248
5154,TV Shows,3249
5155,TV Shows,3250
5156,TV Shows,3251
5157,TV Shows,3252
5158,TV Shows,3337
5159,TV Shows,3338
5160,TV Shows,3339
5161,TV Shows,3340
5162,TV Shows,3341
5163,TV Shows,3342
5164,TV Shows,3343
5165,TV Shows,3344
5166,TV Shows,3345
5167,TV Shows,3346
5168,TV Shows,3347
5169,TV Shows,3348
5170,TV Shows,3360
5171,TV Shows,3361
5172,TV Shows,3362
5173,TV Shows,3363
5174,TV Shows,3364
5175,Music,3402
5176,Music Videos,3402
5177,TV Shows,3428
5178,TV Shows,3429
5179,Music,3336
5180,Music,3414
5181,Classical,3414
5182,Classical 101 - The Basics,3414
5183,Music,3452
5184,Classical,3452
5185,Classical 101 - Next Steps,3452
5186,Music,3479
5187,Classical,3479
5188,Classical 101 - Deep Cuts,3479
5189,Music,3480
5190,Classical,3480
5191,Classical 101 - Deep Cuts,3480
5192,Music,3496
5193,Classical,3496
5194,Classical 101 - Deep Cuts,3496
5195,Music,3498
5196,90’s Music,3498
5197,Classical,3498
5198,Classical 101 - Deep Cuts,3498
5199,Music,3349
5200,Music,3350
5201,Music,3351
5202,90’s Music,3351
5203,Music,3352
5204,Music,3353
5205,Music,3354
5206,90’s Music,3354
5207,Music,3355
5208,Music,3356
5209,Music,3357
5210,Music,3358
5211,Music,3359
5212,90’s Music,3359
